mobile_price,disp_size,resolution,os,num_cores,mp_speed,int_memory,ram,battery_power,mob_width,mob_height,mob_depth,mob_weight,2G,3G,4G,4GVOLTE,5G,p_cam_max,p_cam_count,f_cam_max,f_cam_count,Infinix,MI3,Mi,OPPO,POCO,Realme,Redmi,Samsung,Vivo,Black,Blue,Brick,Brown,Champagne,Concrete,Cyan,Edition,Gold,Green,Grey,Mint,Mist,Orange,Purple,Red,Ruby,Sapphire,Sea,Silver,Violet,Wave,White
8999,16.56,1152000,10,8,2.0,32,3,5000,75.0,164.4,8.95,195.0,1,1,1,1,0,12,3,5,1,0,0,0,0,0,1,0,0,0,0,0,0,0,0,0,0,0,0,0,0,0,0,0,0,0,0,0,0,0,0,0,1
8999,16.56,1152000,10,8,2.0,32,3,5000,75.0,164.4,8.95,195.0,1,1,1,1,0,12,3,5,1,0,0,0,0,0,1,0,0,0,0,1,0,0,0,0,0,0,0,0,0,0,0,0,0,0,0,0,0,0,0,0,0
9999,16.56,1152000,10,8,2.0,64,4,5000,75.0,164.4,8.95,195.0,1,1,1,1,0,12,3,5,1,0,0,0,0,0,1,0,0,0,0,1,0,0,0,0,0,0,0,0,0,0,0,0,0,0,0,0,0,0,0,0,0
9999,16.56,1152000,10,8,2.0,64,4,5000,75.0,164.4,8.95,195.0,1,1,1,1,0,12,3,5,1,0,0,0,0,0,1,0,0,0,0,0,0,0,0,0,0,0,0,0,0,0,0,0,0,0,0,0,0,0,0,0,1
11999,16.51,1152000,10,8,2.0,128,4,5000,75.4,164.4,9.0,199.0,1,1,1,1,0,48,4,16,1,0,0,0,0,0,1,0,0,0,0,0,0,0,0,0,0,0,0,1,0,0,0,0,0,0,0,0,0,0,0,0,0
11999,16.51,1152000,10,8,2.0,128,4,5000,75.4,164.4,9.0,199.0,1,1,1,1,0,48,4,16,1,0,0,0,0,0,1,0,0,0,0,0,0,0,0,0,0,0,0,0,0,0,0,0,0,0,0,0,0,0,0,0,1
14999,16.0,2527200,9,8,2.3,64,6,4035,74.2,157.0,8.9,184.0,1,1,0,1,0,48,4,16,1,0,0,0,0,0,1,0,0,0,0,0,0,0,0,0,0,0,0,1,0,0,0,0,0,0,0,0,0,0,0,0,0
16999,16.0,2527200,9,8,2.3,128,8,4035,74.2,157.0,8.9,184.0,1,1,0,1,0,48,4,16,1,0,0,0,0,0,1,0,0,0,0,0,0,0,0,0,0,0,0,1,0,0,0,0,0,0,0,0,0,0,0,0,0
16999,16.0,2527200,9,8,2.3,128,8,4035,74.2,157.0,8.9,184.0,1,1,0,1,0,48,4,16,1,0,0,0,0,0,1,0,0,0,0,1,0,0,0,0,0,0,0,0,0,0,0,0,0,0,0,0,0,0,0,0,0
13999,16.0,2527200,9,8,2.3,64,4,4035,74.2,157.0,8.9,184.0,1,1,0,1,0,48,4,16,1,0,0,0,0,0,1,0,0,0,0,1,0,0,0,0,0,0,0,0,0,0,0,0,0,0,0,0,0,0,0,0,0
35999,16.51,2592000,9,8,2.96,256,12,4000,75.7,161.0,8.7,199.0,1,1,1,1,0,64,4,16,1,0,0,0,0,0,1,0,0,0,0,0,0,0,0,0,0,0,0,0,0,0,0,0,0,0,0,0,0,0,0,0,1
35999,16.51,2592000,9,8,2.96,256,12,4000,75.7,161.0,8.7,199.0,1,1,1,1,0,64,4,16,1,0,0,0,0,0,1,0,0,0,0,1,0,0,0,0,0,0,0,0,0,0,0,0,0,0,0,0,0,0,0,0,0
31999,16.51,2592000,9,8,2.96,128,8,4000,75.7,161.0,8.7,199.0,1,1,1,1,0,64,4,16,1,0,0,0,0,0,1,0,0,0,0,1,0,0,0,0,0,0,0,0,0,0,0,0,0,0,0,0,0,0,0,0,0
31999,16.51,2592000,9,8,2.96,128,8,4000,75.7,161.0,8.7,199.0,1,1,1,1,0,64,4,16,1,0,0,0,0,0,1,0,0,0,0,0,0,0,0,0,0,0,0,0,0,0,0,0,0,0,0,0,0,0,0,0,1
15490,16.0,2527200,8,8,1.95,128,8,3500,74.0,156.7,8.5,174.0,1,1,0,1,0,16,2,16,1,0,0,0,0,0,1,0,0,0,0,0,0,0,0,0,0,0,0,0,0,0,0,0,0,0,0,0,1,0,0,0,0
16999,16.26,2527200,9,8,2.3,64,4,4000,75.16,158.7,8.55,183.0,1,1,1,0,0,64,4,16,1,0,0,0,0,0,1,0,0,0,0,1,0,0,0,0,0,0,0,0,0,0,0,0,0,0,0,0,0,0,0,0,0
16999,16.26,2527200,9,8,2.3,64,4,4000,75.16,158.7,8.55,183.0,1,1,1,0,0,64,4,16,1,0,0,0,0,0,1,0,0,0,0,0,0,0,0,0,0,0,0,0,0,0,0,0,0,0,0,0,0,0,0,0,1
41999,16.36,2592000,10,8,2.8,128,8,4200,74.24,158.96,9.65,207.0,1,1,1,1,1,64,4,32,2,0,0,0,0,0,1,0,0,0,0,0,0,0,0,0,0,0,0,0,0,0,0,0,0,1,0,0,0,0,0,0,0
41999,16.36,2592000,10,8,2.8,128,8,4200,74.24,158.96,9.65,207.0,1,1,1,1,1,64,4,32,2,0,0,0,0,0,1,0,0,0,0,0,0,0,0,0,0,0,0,1,0,0,0,0,0,0,0,0,0,0,0,0,0
46999,16.36,2592000,10,8,2.8,256,12,4200,74.24,158.96,9.65,207.0,1,1,1,1,1,64,4,32,2,0,0,0,0,0,1,0,0,0,0,0,0,0,0,0,0,0,0,1,0,0,0,0,0,0,0,0,0,0,0,0,0
8999,16.56,1152000,10,8,2.0,32,3,5000,75.0,164.4,8.95,195.0,1,1,1,1,0,12,2,5,1,0,0,0,0,0,1,0,0,0,0,1,0,0,0,0,0,0,0,0,0,0,0,0,0,0,0,0,0,0,0,0,0
16999,16.51,2592000,10,8,2.05,128,6,4300,74.8,162.1,9.6,191.0,1,1,1,1,0,64,4,16,1,0,0,0,0,0,1,0,0,0,0,0,0,0,0,0,0,0,0,0,0,0,0,0,0,0,0,0,0,0,0,0,1
19999,16.76,2592000,10,8,2.3,128,8,4300,75.8,163.9,9.4,195.0,1,1,1,1,0,64,4,16,2,0,0,0,0,0,1,0,0,0,0,0,0,0,0,0,0,0,0,0,0,0,0,1,0,0,0,0,0,0,0,0,0
19999,16.76,2592000,10,8,2.3,128,8,4300,75.8,163.9,9.4,195.0,1,1,1,1,0,64,4,16,2,0,0,0,0,0,1,0,0,0,0,1,0,0,0,0,0,0,0,0,0,0,0,0,0,0,0,0,0,0,0,0,0
6999,15.49,1123200,9,8,2.0,32,2,4000,73.7,154.3,8.5,166.0,1,1,1,1,0,13,2,5,1,0,0,0,0,0,1,0,0,0,1,0,0,0,0,0,0,0,0,0,0,0,0,0,0,0,0,0,0,0,0,0,0
6999,15.49,1123200,9,8,2.0,32,2,4000,73.7,154.3,8.5,166.0,1,1,1,1,0,13,2,5,1,0,0,0,0,0,1,0,0,0,0,1,0,0,0,0,0,0,0,0,0,0,0,0,0,0,0,0,0,0,0,0,0
7499,15.49,1123200,9,8,2.0,32,3,4000,73.7,154.3,8.5,166.0,1,1,1,1,0,13,2,5,1,0,0,0,0,0,1,0,0,0,1,0,0,0,0,0,0,0,0,0,0,0,0,0,0,0,0,0,0,0,0,0,0
7499,15.49,1123200,9,8,2.0,32,3,4000,73.7,154.3,8.5,166.0,1,1,1,1,0,13,2,5,1,0,0,0,0,0,1,0,0,0,0,1,0,0,0,0,0,0,0,0,0,0,0,0,0,0,0,0,0,0,0,0,0
7499,15.49,1123200,9,8,2.0,32,3,4000,73.7,154.3,8.5,166.0,1,1,1,1,0,13,2,5,1,0,0,0,0,0,1,0,0,0,0,0,0,0,0,0,0,0,0,0,0,0,0,0,0,0,1,0,0,0,0,0,0
17999,16.51,2592000,10,8,2.05,128,8,4300,74.8,162.1,9.6,191.0,1,1,1,1,0,64,4,16,1,0,0,0,0,0,1,0,0,0,0,1,0,0,0,0,0,0,0,0,0,0,0,0,0,0,0,0,0,0,0,0,0
7499,15.49,1123200,9,8,2.0,32,3,4000,73.7,154.3,8.5,166.0,1,1,1,1,0,13,2,5,1,0,0,0,0,0,1,0,0,0,0,0,0,0,0,0,0,0,0,0,0,0,0,0,0,0,0,1,0,0,0,0,0
13999,16.0,2527200,9,8,2.3,64,4,4035,74.2,157.0,8.9,184.0,1,1,0,1,0,48,4,16,1,0,0,0,0,0,1,0,0,0,0,0,0,0,0,0,0,0,0,1,0,0,0,0,0,0,0,0,0,0,0,0,0
11999,16.51,1152000,9,8,2.0,128,4,5000,75.6,164.4,9.3,198.0,1,1,1,1,0,48,4,13,1,0,0,0,0,0,1,0,0,0,0,0,0,0,0,0,0,0,0,0,0,0,0,0,0,1,0,0,0,0,0,0,0
10999,16.51,1152000,9,8,2.0,64,4,5000,75.6,164.4,9.3,198.0,1,1,1,1,0,48,4,13,1,0,0,0,0,0,1,0,0,0,0,1,0,0,0,0,0,0,0,0,0,0,0,0,0,0,0,0,0,0,0,0,0
11999,16.51,1152000,9,8,2.0,128,4,5000,75.6,164.4,9.3,198.0,1,1,1,1,0,48,4,13,1,0,0,0,0,0,1,0,0,0,0,0,0,0,0,0,0,0,0,0,0,0,0,0,1,0,0,0,0,0,0,0,0
10999,16.51,1152000,9,8,2.0,64,4,5000,75.6,164.4,9.3,198.0,1,1,1,1,0,48,4,13,1,0,0,0,0,0,1,0,0,0,0,0,0,0,0,0,0,0,0,0,0,0,0,0,0,1,0,0,0,0,0,0,0
11999,16.51,1152000,9,8,2.0,128,4,5000,75.6,164.4,9.3,198.0,1,1,1,1,0,48,4,13,1,0,0,0,0,0,1,0,0,0,0,1,0,0,0,0,0,0,0,0,0,0,0,0,0,0,0,0,0,0,0,0,0
10999,16.51,1152000,9,8,2.0,64,4,5000,75.6,164.4,9.3,198.0,1,1,1,1,0,48,4,13,1,0,0,0,0,0,1,0,0,0,0,0,0,0,0,0,0,0,0,0,0,0,0,0,1,0,0,0,0,0,0,0,0
29999,16.51,2592000,9,8,2.96,64,6,4000,75.7,161.0,8.7,199.0,1,1,1,1,0,64,4,16,1,0,0,0,0,0,1,0,0,0,0,1,0,0,0,0,0,0,0,0,0,0,0,0,0,0,0,0,0,0,0,0,0
29999,16.51,2592000,9,8,2.96,64,6,4000,75.7,161.0,8.7,199.0,1,1,1,1,0,64,4,16,1,0,0,0,0,0,1,0,0,0,0,0,0,0,0,0,0,0,0,0,0,0,0,0,0,0,0,0,0,0,0,0,1
36999,16.51,2592000,9,8,2.96,256,12,4000,75.7,161.0,8.7,199.0,1,1,1,1,0,64,4,16,1,0,0,0,0,0,1,0,0,0,0,0,1,0,0,0,0,0,0,0,0,0,0,0,0,0,0,0,0,0,0,0,0
36999,16.51,2592000,9,8,2.96,256,12,4000,75.7,161.0,8.7,199.0,1,1,1,1,0,64,4,16,1,0,0,0,0,0,1,0,0,0,0,0,0,0,0,1,0,0,0,0,0,0,0,0,0,0,0,0,0,0,0,0,0
17999,16.51,2592000,10,8,2.05,128,8,4300,74.8,162.1,9.6,191.0,1,1,1,1,0,64,4,16,1,0,0,0,0,0,1,0,0,0,0,0,0,0,0,0,0,0,0,0,0,0,0,0,0,0,0,0,0,0,0,0,1
7499,15.49,1123200,9,8,2.0,32,3,4000,73.7,154.3,8.5,166.0,1,1,1,1,0,13,2,5,1,0,0,0,0,0,1,0,0,0,0,0,0,0,0,0,0,0,0,0,0,0,0,0,0,0,0,1,0,0,0,0,0
13999,16.0,2527200,9,8,2.3,64,4,4035,74.2,157.0,8.9,184.0,1,1,0,1,0,48,4,16,1,0,0,0,0,0,1,0,0,0,0,0,0,0,0,0,0,0,0,1,0,0,0,0,0,0,0,0,0,0,0,0,0
11999,16.51,1152000,9,8,2.0,128,4,5000,75.6,164.4,9.3,198.0,1,1,1,1,0,48,4,13,1,0,0,0,0,0,1,0,0,0,0,0,0,0,0,0,0,0,0,0,0,0,0,0,0,1,0,0,0,0,0,0,0
10999,16.51,1152000,9,8,2.0,64,4,5000,75.6,164.4,9.3,198.0,1,1,1,1,0,48,4,13,1,0,0,0,0,0,1,0,0,0,0,1,0,0,0,0,0,0,0,0,0,0,0,0,0,0,0,0,0,0,0,0,0
11999,16.51,1152000,9,8,2.0,128,4,5000,75.6,164.4,9.3,198.0,1,1,1,1,0,48,4,13,1,0,0,0,0,0,1,0,0,0,0,0,0,0,0,0,0,0,0,0,0,0,0,0,1,0,0,0,0,0,0,0,0
10999,16.51,1152000,9,8,2.0,64,4,5000,75.6,164.4,9.3,198.0,1,1,1,1,0,48,4,13,1,0,0,0,0,0,1,0,0,0,0,0,0,0,0,0,0,0,0,0,0,0,0,0,0,1,0,0,0,0,0,0,0
11999,16.51,1152000,9,8,2.0,128,4,5000,75.6,164.4,9.3,198.0,1,1,1,1,0,48,4,13,1,0,0,0,0,0,1,0,0,0,0,1,0,0,0,0,0,0,0,0,0,0,0,0,0,0,0,0,0,0,0,0,0
10999,16.51,1152000,9,8,2.0,64,4,5000,75.6,164.4,9.3,198.0,1,1,1,1,0,48,4,13,1,0,0,0,0,0,1,0,0,0,0,0,0,0,0,0,0,0,0,0,0,0,0,0,1,0,0,0,0,0,0,0,0
29999,16.51,2592000,9,8,2.96,64,6,4000,75.7,161.0,8.7,199.0,1,1,1,1,0,64,4,16,1,0,0,0,0,0,1,0,0,0,0,1,0,0,0,0,0,0,0,0,0,0,0,0,0,0,0,0,0,0,0,0,0
29999,16.51,2592000,9,8,2.96,64,6,4000,75.7,161.0,8.7,199.0,1,1,1,1,0,64,4,16,1,0,0,0,0,0,1,0,0,0,0,0,0,0,0,0,0,0,0,0,0,0,0,0,0,0,0,0,0,0,0,0,1
36999,16.51,2592000,9,8,2.96,256,12,4000,75.7,161.0,8.7,199.0,1,1,1,1,0,64,4,16,1,0,0,0,0,0,1,0,0,0,0,0,1,0,0,0,0,0,0,0,0,0,0,0,0,0,0,0,0,0,0,0,0
36999,16.51,2592000,9,8,2.96,256,12,4000,75.7,161.0,8.7,199.0,1,1,1,1,0,64,4,16,1,0,0,0,0,0,1,0,0,0,0,0,0,0,0,1,0,0,0,0,0,0,0,0,0,0,0,0,0,0,0,0,0
19999,16.26,2527200,9,8,2.2,128,6,4000,75.2,158.7,8.6,182.0,1,1,1,1,0,64,4,32,1,0,0,0,0,0,1,0,0,0,0,0,0,0,0,0,0,0,0,0,0,0,0,0,0,0,0,0,0,0,0,0,1
19999,16.26,2527200,9,8,2.2,128,6,4000,75.2,158.7,8.6,182.0,1,1,1,1,0,64,4,32,1,0,0,0,0,0,1,0,0,0,0,0,0,0,0,0,0,0,0,1,0,0,0,0,0,0,0,0,0,0,0,0,0
17999,16.26,2527200,9,8,2.2,64,4,4000,75.2,158.7,8.6,182.0,1,1,1,1,0,64,4,32,1,0,0,0,0,0,1,0,0,0,0,1,0,0,0,0,0,0,0,0,0,0,0,0,0,0,0,0,0,0,0,0,0
17999,16.26,2527200,9,8,2.2,64,4,4000,75.2,158.7,8.6,182.0,1,1,1,1,0,64,4,32,1,0,0,0,0,0,1,0,0,0,0,0,0,0,0,0,0,0,0,1,0,0,0,0,0,0,0,0,0,0,0,0,0
20999,16.26,2527200,9,8,2.2,128,8,4000,75.2,158.7,8.6,182.0,1,1,1,1,0,64,4,32,1,0,0,0,0,0,1,0,0,0,0,0,0,0,0,0,0,0,0,1,0,0,0,0,0,0,0,0,0,0,0,0,0
19999,16.26,2527200,9,8,2.2,128,6,4000,75.2,158.7,8.6,182.0,1,1,1,1,0,64,4,32,1,0,0,0,0,0,1,0,0,0,0,1,0,0,0,0,0,0,0,0,0,0,0,0,0,0,0,0,0,0,0,0,0
20999,16.26,2527200,9,8,2.2,128,8,4000,75.2,158.7,8.6,182.0,1,1,1,1,0,64,4,32,1,0,0,0,0,0,1,0,0,0,0,1,0,0,0,0,0,0,0,0,0,0,0,0,0,0,0,0,0,0,0,0,0
20999,16.26,2527200,9,8,2.2,128,8,4000,75.2,158.7,8.6,182.0,1,1,1,1,0,64,4,32,1,0,0,0,0,0,1,0,0,0,0,0,0,0,0,0,0,0,0,0,0,0,0,0,0,0,0,0,0,0,0,0,1
6499,15.49,1123200,9,8,2.0,16,2,4000,73.7,154.3,8.5,166.0,1,1,1,1,0,13,2,5,1,0,0,0,0,0,1,0,0,0,0,1,0,0,0,0,0,0,0,0,0,0,0,0,0,0,0,0,0,0,0,0,0
11999,16.51,1152000,10,8,2.0,128,4,5000,75.4,164.4,9.0,199.0,1,1,1,1,0,48,4,16,1,0,0,0,0,0,1,0,0,0,0,1,0,0,0,0,0,0,0,0,0,0,0,0,0,0,0,0,0,0,0,0,0
25999,16.69,2592000,10,8,2.96,128,8,4200,75.8,163.8,9.3,202.0,1,1,1,1,0,64,4,16,2,0,0,0,0,0,1,0,0,0,0,1,0,0,0,0,0,0,0,0,0,0,0,0,0,0,0,0,0,0,0,0,0
24999,16.69,2592000,10,8,2.96,128,6,4200,75.8,163.8,9.3,202.0,1,1,1,1,0,64,4,16,2,0,0,0,0,0,1,0,0,0,0,1,0,0,0,0,0,0,0,0,0,0,0,0,0,0,0,0,0,0,0,0,0
25999,16.69,2592000,10,8,2.96,128,8,4200,75.8,163.8,9.3,202.0,1,1,1,1,0,64,4,16,2,0,0,0,0,0,1,0,0,0,0,0,0,0,0,0,0,0,0,0,0,0,0,0,0,0,0,0,0,0,0,0,1
27999,16.69,2592000,10,8,2.96,128,8,4200,75.8,163.8,9.3,202.0,1,1,1,1,0,64,4,32,2,0,0,0,0,0,1,0,0,0,0,1,0,0,0,0,0,0,0,0,0,0,0,0,0,0,0,0,0,0,0,0,0
32999,16.69,2592000,10,8,2.96,256,12,4200,75.8,163.8,9.3,202.0,1,1,1,1,0,64,4,32,2,0,0,0,0,0,1,0,0,0,0,1,0,0,0,0,0,0,0,0,0,0,0,0,0,0,0,0,0,0,0,0,0
32999,16.69,2592000,10,8,2.96,256,12,4200,75.8,163.8,9.3,202.0,1,1,1,1,0,64,4,32,2,0,0,0,0,0,1,0,0,0,0,0,0,0,0,0,0,0,0,0,0,0,0,0,0,0,0,0,0,0,0,0,1
27999,16.69,2592000,10,8,2.96,128,8,4200,75.8,163.8,9.3,202.0,1,1,1,1,0,64,4,32,2,0,0,0,0,0,1,0,0,0,0,0,0,0,0,0,0,0,0,0,0,0,0,0,0,0,0,0,0,0,0,0,1
8499,15.8,1094400,9,8,2.1,32,3,4230,75.6,156.1,8.3,175.0,1,1,1,1,0,13,2,13,1,0,0,0,0,0,1,0,0,0,1,0,0,0,0,0,0,0,0,0,0,0,0,0,0,0,0,0,0,0,0,0,0
9499,15.8,1094400,9,8,2.1,64,4,4230,75.6,156.1,8.3,175.0,1,1,1,1,0,13,2,13,1,0,0,0,0,0,1,0,0,0,0,0,0,0,0,0,0,0,0,0,0,0,0,0,0,1,0,0,0,0,0,0,0
9499,15.8,1094400,9,8,2.1,64,3,4230,75.6,156.1,8.3,175.0,1,1,1,1,0,13,2,13,1,0,0,0,0,0,1,0,0,0,0,1,0,0,0,0,0,0,0,0,0,0,0,0,0,0,0,0,0,0,0,0,0
9499,15.8,1094400,9,8,2.1,64,3,4230,75.6,156.1,8.3,175.0,1,1,1,1,0,13,2,13,1,0,0,0,0,0,1,0,0,0,1,0,0,0,0,0,0,0,0,0,0,0,0,0,0,0,0,0,0,0,0,0,0
8499,15.8,1094400,9,8,2.1,32,3,4230,75.6,156.1,8.3,175.0,1,1,1,1,0,13,2,13,1,0,0,0,0,0,1,0,0,0,0,0,0,0,0,0,0,0,0,0,0,0,0,0,0,1,0,0,0,0,0,0,0
10499,15.8,1094400,9,8,2.1,64,4,4230,75.6,156.1,8.3,175.0,1,1,1,1,0,13,2,13,1,0,0,0,0,0,1,0,0,0,0,1,0,0,0,0,0,0,0,0,0,0,0,0,0,0,0,0,0,0,0,0,0
10499,15.8,1094400,9,8,2.1,64,4,4230,75.6,156.1,8.3,175.0,1,1,1,1,0,13,2,13,1,0,0,0,0,0,1,0,0,0,1,0,0,0,0,0,0,0,0,0,0,0,0,0,0,0,0,0,0,0,0,0,0
9799,15.8,1094400,9,8,1.95,64,4,5000,75.41,156.48,9.4,188.0,1,1,0,1,0,12,2,8,1,0,0,0,0,0,0,1,0,0,0,1,0,0,0,0,0,0,0,0,0,0,0,0,0,0,0,0,0,0,0,0,0
9799,15.8,1094400,9,8,1.95,64,4,5000,75.41,156.48,9.4,188.0,1,1,0,1,0,12,2,8,1,0,0,0,0,0,0,1,0,0,1,0,0,0,0,0,0,0,0,0,0,0,0,0,0,0,0,0,0,0,0,0,0
24999,16.23,2527200,9,8,2.84,128,6,4000,74.3,156.7,8.8,191.0,1,1,0,1,0,48,3,20,1,0,0,0,0,0,0,1,0,0,0,0,0,0,0,0,0,0,0,0,0,0,0,0,0,1,0,0,0,0,0,0,0
16999,16.94,2592000,10,8,2.3,64,4,5020,76.68,165.75,8.8,209.0,0,1,0,1,0,48,4,16,1,0,0,0,0,0,0,1,0,0,0,1,0,0,0,0,0,0,0,0,0,0,0,0,0,0,0,0,0,0,0,0,0
24999,16.23,2527200,9,8,2.84,128,6,4000,74.3,156.7,8.8,191.0,1,1,0,1,0,48,3,20,1,0,0,0,0,0,0,1,0,0,1,0,0,0,0,0,0,0,0,0,0,0,0,0,0,0,0,0,0,0,0,0,0
16939,15.44,1123200,9,8,2.0,128,6,4030,71.85,153.48,8.475,173.8,1,1,1,1,0,48,3,32,1,0,0,1,0,0,0,0,0,0,0,0,0,0,0,0,0,0,0,0,0,0,0,0,0,0,0,0,0,0,0,0,1
24999,16.23,2527200,9,8,2.84,128,6,4000,74.3,156.7,8.8,191.0,1,1,0,1,0,48,3,20,1,0,0,0,0,0,0,1,0,0,0,1,0,0,0,0,0,0,0,0,0,0,0,0,0,0,0,0,0,0,0,0,0
16999,16.0,2527200,9,8,2.0,128,6,4000,75.21,159.21,8.1,186.0,1,1,0,1,0,48,2,13,1,0,0,0,0,0,0,1,0,0,1,0,0,0,0,0,0,0,0,0,0,0,0,0,0,0,0,0,0,0,0,0,0
14999,15.44,1123200,9,8,2.0,128,6,4030,71.85,153.48,8.475,173.8,1,1,1,1,0,48,3,32,1,0,0,1,0,0,0,0,0,0,0,1,0,0,0,0,0,0,0,0,0,0,0,0,0,0,0,0,0,0,0,0,0
16999,15.21,2332800,7,8,2.5,128,6,3400,75.49,151.86,7.7,185.0,1,1,0,1,0,12,1,5,1,0,0,1,0,0,0,0,0,0,1,0,0,0,0,0,0,0,0,0,0,0,0,0,0,0,0,0,0,0,0,0,0
24999,16.23,2527200,9,8,2.84,128,6,4000,74.3,156.7,8.8,191.0,1,1,0,1,0,48,3,20,1,0,0,0,0,0,0,1,0,0,0,0,0,0,0,0,0,0,0,0,0,0,0,0,0,0,0,0,0,0,0,0,1
17350,15.44,1123200,9,8,2.0,128,6,4030,71.85,153.48,8.475,173.8,1,1,1,1,0,48,3,32,1,0,0,1,0,0,0,0,0,0,0,0,0,0,0,0,0,0,0,0,1,0,0,0,0,0,0,0,0,0,0,0,0
29999,16.23,2527200,9,8,2.84,256,8,4000,74.3,156.7,8.8,191.0,1,1,0,1,0,48,3,20,1,0,0,0,0,0,0,1,0,0,1,0,0,0,0,0,0,0,0,0,0,0,0,0,0,0,0,0,0,0,0,0,0
13999,16.0,2527200,9,8,2.0,128,6,4000,75.21,159.21,8.1,186.0,1,1,0,1,0,48,2,13,1,0,0,0,0,0,0,1,0,0,0,0,0,0,0,0,0,0,0,0,0,0,0,0,0,1,0,0,0,0,0,0,0
21999,16.23,2527200,9,8,2.2,64,6,4000,74.3,156.7,8.8,191.0,1,1,0,1,0,48,3,20,1,0,0,0,0,0,0,1,0,0,1,0,0,0,0,0,0,0,0,0,0,0,0,0,0,0,0,0,0,0,0,0,0
13495,15.21,1036800,8,8,2.0,64,4,3080,77.26,160.73,8.1,168.0,1,1,1,0,0,12,2,16,1,0,0,0,0,0,0,1,0,0,0,0,0,0,0,0,0,0,1,0,0,0,0,0,0,0,0,0,0,0,0,0,0
29999,16.23,2527200,9,8,2.84,256,8,4000,74.3,156.7,8.8,191.0,1,1,0,1,0,48,3,20,1,0,0,0,0,0,0,1,0,0,0,0,0,0,0,0,0,0,0,0,0,0,0,0,0,0,0,0,0,0,0,0,1
24999,16.23,2527200,9,8,2.2,128,6,4000,74.3,156.7,8.8,191.0,1,1,0,1,0,48,3,20,1,0,0,0,0,0,0,1,0,0,0,1,0,0,0,0,0,0,0,0,0,0,0,0,0,0,0,0,0,0,0,0,0
15990,15.9,2462400,8,8,1.8,64,4,4000,76.4,157.9,8.26,181.0,1,1,1,1,0,12,2,20,2,0,0,0,0,0,0,1,0,0,0,0,0,0,0,0,0,0,1,0,0,0,0,0,0,0,0,0,0,0,0,0,0
13999,15.21,2332800,8,8,2.2,64,4,3010,75.4,158.7,7.3,168.0,1,1,1,1,0,20,2,20,1,0,0,1,0,0,0,0,0,0,0,0,0,0,0,0,0,0,0,0,0,0,0,0,0,1,0,0,0,0,0,0,0
55799,16.94,2527200,10,8,2.84,256,8,4780,74.8,162.58,8.96,209.0,0,0,0,1,1,10,1,20,1,0,0,1,0,0,0,0,0,0,0,0,0,0,0,0,0,0,0,0,1,0,0,0,0,0,0,0,0,0,0,0,0
51800,16.94,2527200,10,8,2.84,128,8,4780,74.8,162.58,8.96,209.0,0,0,0,1,1,10,1,20,1,0,0,1,0,0,0,0,0,0,0,0,0,0,0,0,0,0,0,1,0,0,0,0,0,0,0,0,0,0,0,0,0
24999,16.23,2527200,9,8,2.2,128,6,4000,74.3,156.7,8.8,191.0,1,1,0,1,0,48,3,20,1,0,0,0,0,0,0,1,0,0,0,0,0,0,0,0,0,0,0,0,0,0,0,0,0,1,0,0,0,0,0,0,0
16899,15.21,2332800,8,8,2.2,128,6,3010,75.4,158.7,7.3,168.0,1,1,1,1,0,20,2,20,1,0,0,1,0,0,0,0,0,0,0,0,0,0,0,0,0,0,0,0,0,0,0,0,0,1,0,0,0,0,0,0,0
16899,15.21,2332800,8,8,2.2,128,6,3010,75.4,158.7,7.3,168.0,1,1,1,1,0,20,2,20,1,0,0,1,0,0,0,0,0,0,0,0,0,0,0,0,0,0,1,0,0,0,0,0,0,0,0,0,0,0,0,0,0
24999,16.23,2527200,9,8,2.2,128,6,4000,74.3,156.7,8.8,191.0,1,1,0,1,0,48,3,20,1,0,0,0,0,0,0,1,0,0,1,0,0,0,0,0,0,0,0,0,0,0,0,0,0,0,0,0,0,0,0,0,0
16899,15.21,2332800,8,8,2.2,128,6,3010,75.4,158.7,7.3,168.0,1,1,1,1,0,20,2,20,1,0,0,1,0,0,0,0,0,0,0,1,0,0,0,0,0,0,0,0,0,0,0,0,0,0,0,0,0,0,0,0,0
16999,15.21,2332800,7,8,1.8,64,6,4000,75.35,158.58,8.05,181.0,0,1,1,1,0,12,2,20,1,0,0,0,0,0,0,1,0,0,0,0,0,0,0,0,0,0,0,0,0,0,0,0,0,1,0,0,0,0,0,0,0
24999,16.23,2527200,9,8,2.2,128,6,4000,74.3,156.7,8.8,191.0,1,1,0,1,0,48,3,20,1,0,0,0,0,0,0,1,0,0,0,0,0,0,0,0,0,0,0,0,0,0,0,0,0,0,0,0,0,0,0,0,1
13999,12.7,2073600,4,4,2.3,16,2,3050,73.6,144.0,8.1,145.0,0,1,0,0,0,13,1,2,1,0,1,0,0,0,0,0,0,0,0,0,0,0,0,0,0,0,0,0,1,0,0,0,0,0,0,0,0,0,0,0,0
9799,15.8,1094400,9,8,1.95,64,4,5000,75.41,156.48,9.4,188.0,1,1,0,1,0,12,2,8,1,0,0,0,0,0,0,1,0,0,0,0,0,0,0,0,0,0,0,1,0,0,0,0,0,0,0,0,0,0,0,0,0
9799,15.8,1094400,9,8,1.95,64,4,5000,75.41,156.48,9.4,188.0,1,1,0,1,0,12,2,8,1,0,0,0,0,0,0,1,0,0,0,0,0,0,0,0,0,0,0,0,0,0,0,0,0,1,0,0,0,0,0,0,0
9799,15.8,1094400,9,8,1.95,64,4,5000,75.41,156.48,9.4,188.0,1,1,0,1,0,12,2,8,1,0,0,0,0,0,0,1,0,0,1,0,0,0,0,0,0,0,0,0,0,0,0,0,0,0,0,0,0,0,0,0,0
12999,15.46,1123200,9,8,2.0,64,4,4030,71.85,153.48,8.475,173.8,1,1,1,1,0,48,3,32,1,0,0,1,0,0,0,0,0,0,0,0,0,0,0,0,0,0,0,0,1,0,0,0,0,0,0,0,0,0,0,0,0
14999,16.94,2592000,10,8,2.3,128,6,5020,76.68,165.75,8.8,209.0,0,1,0,1,0,48,4,16,1,0,0,0,0,0,0,1,0,0,1,0,0,0,0,0,0,0,0,0,0,0,0,0,0,0,0,0,0,0,0,0,0
14999,16.94,2592000,10,8,2.3,128,6,5020,76.68,165.75,8.8,209.0,0,1,0,1,0,48,4,16,1,0,0,0,0,0,0,1,0,0,0,1,0,0,0,0,0,0,0,0,0,0,0,0,0,0,0,0,0,0,0,0,0
16998,16.94,2592000,10,8,2.3,64,4,5020,76.68,165.75,8.8,209.0,0,1,0,1,0,48,4,16,1,0,0,0,0,0,0,1,0,0,0,1,0,0,0,0,0,0,0,0,0,0,0,0,0,0,0,0,0,0,0,0,0
7399,15.8,1094400,9,8,2.0,32,2,5000,9.0,175.0,92.0,186.0,1,1,0,1,0,13,2,8,1,0,0,0,0,0,0,1,0,0,0,1,0,0,0,0,0,0,0,0,0,0,0,0,0,0,0,0,0,0,0,0,0
7499,15.8,1094400,9,8,2.0,32,3,5000,9.0,175.0,92.0,186.0,0,1,0,1,0,13,2,8,1,0,0,0,0,0,0,1,0,0,0,0,0,0,0,0,0,0,0,0,1,0,0,0,0,0,0,0,0,0,0,0,0
11199,16.0,2462400,9,8,2.0,64,4,4000,8.35,158.3,75.3,190.0,0,0,0,1,0,48,2,13,1,0,0,0,0,0,0,1,0,0,0,0,0,0,0,0,0,0,0,0,0,0,0,0,0,0,0,0,0,0,0,0,1
13261,16.0,2462400,9,8,2.0,128,6,4000,8.35,158.3,75.3,190.0,0,0,0,1,0,48,2,13,1,0,0,0,0,0,0,1,0,0,0,1,0,0,0,0,0,0,0,0,0,0,0,0,0,0,0,0,0,0,0,0,0
10978,16.0,2462400,9,8,2.0,32,3,4000,8.35,158.3,75.3,190.0,0,0,0,1,0,48,2,13,1,0,0,0,0,0,0,1,0,0,0,1,0,0,0,0,0,0,0,0,0,0,0,0,0,0,0,0,0,0,0,0,0
12999,15.46,1123200,9,8,2.0,64,4,4030,71.85,153.48,8.475,173.8,1,1,1,1,0,48,3,32,1,0,0,1,0,0,0,0,0,0,0,1,0,0,0,0,0,0,0,0,0,0,0,0,0,0,0,0,0,0,0,0,0
12999,15.46,1123200,9,8,2.0,64,4,4030,71.85,153.48,8.475,173.8,1,1,1,1,0,48,3,32,1,0,0,1,0,0,0,0,0,0,0,0,0,0,0,0,0,0,0,0,0,0,0,0,0,0,0,0,0,0,0,0,1
11280,16.0,2462400,9,8,2.0,64,4,4000,8.35,158.3,75.3,190.0,0,0,0,1,0,48,2,13,1,0,0,0,0,0,0,1,0,0,0,1,0,0,0,0,0,0,0,0,0,0,0,0,0,0,0,0,0,0,0,0,0
10100,16.0,2462400,9,8,2.0,64,4,4000,8.35,158.3,75.3,190.0,0,0,0,1,0,48,2,13,1,0,0,0,0,0,0,1,0,0,1,0,0,0,0,0,0,0,0,0,0,0,0,0,0,0,0,0,0,0,0,0,0
7450,15.8,1094400,9,8,2.0,32,3,5000,9.0,175.0,92.0,186.0,1,1,0,1,0,13,2,8,1,0,0,0,0,0,0,1,0,0,0,0,0,0,0,0,0,0,0,0,0,0,0,0,0,0,0,0,0,0,0,0,1
12999,16.0,2527200,9,8,2.0,64,6,4000,75.21,159.21,8.1,186.0,1,1,0,1,0,48,2,13,1,0,0,0,0,0,0,1,0,0,1,0,0,0,0,0,0,0,0,0,0,0,0,0,0,0,0,0,0,0,0,0,0
29999,16.23,2527200,9,8,2.84,256,8,4000,74.3,156.7,8.8,191.0,1,1,0,1,0,48,3,20,1,0,0,0,0,0,0,1,0,0,0,0,0,0,0,0,0,0,0,0,0,0,0,0,0,1,0,0,0,0,0,0,0
12999,16.94,2592000,10,8,2.3,64,4,5020,76.68,165.75,8.8,209.0,0,1,0,1,0,48,4,16,1,0,0,0,0,0,0,1,0,0,0,0,0,0,0,0,0,0,0,0,0,0,0,0,0,0,0,0,0,0,0,0,1
12999,16.94,2592000,10,8,2.3,64,4,5020,76.68,165.75,8.8,209.0,0,1,0,1,0,48,4,16,1,0,0,0,0,0,0,1,0,0,1,0,0,0,0,0,0,0,0,0,0,0,0,0,0,0,0,0,0,0,0,0,0
7499,15.8,1094400,9,8,2.0,32,3,5000,9.0,175.0,92.0,186.0,1,1,0,1,0,13,2,8,1,0,0,0,0,0,0,1,0,0,0,1,0,0,0,0,0,0,0,0,0,0,0,0,0,0,0,0,0,0,0,0,0
11999,15.9,2462400,8,8,1.8,64,6,4000,76.4,157.9,8.26,181.0,1,1,1,1,0,12,2,20,2,0,0,0,0,0,0,1,0,0,1,0,0,0,0,0,0,0,0,0,0,0,0,0,0,0,0,0,0,0,0,0,0
11999,15.9,2462400,8,8,1.8,64,6,4000,76.4,157.9,8.26,181.0,1,1,1,1,0,12,2,20,2,0,0,0,0,0,0,1,0,0,0,0,0,0,0,0,0,0,0,0,0,0,0,0,0,1,0,0,0,0,0,0,0
12999,13.97,2073600,6,8,2.0,64,4,4100,76.0,151.0,8.4,165.0,0,1,0,1,0,13,1,5,1,0,0,0,0,0,0,1,0,0,1,0,0,0,0,0,0,0,0,0,0,0,0,0,0,0,0,0,0,0,0,0,0
11999,15.9,2462400,8,8,1.8,64,6,4000,76.4,157.9,8.26,181.0,1,1,1,1,0,12,2,20,2,0,0,0,0,0,0,1,0,0,0,0,0,0,0,0,0,0,1,0,0,0,0,0,0,0,0,0,0,0,0,0,0
21999,16.23,2527200,9,8,2.2,64,6,4000,74.3,156.7,8.8,191.0,1,1,0,1,0,48,3,20,1,0,0,0,0,0,0,1,0,0,0,1,0,0,0,0,0,0,0,0,0,0,0,0,0,0,0,0,0,0,0,0,0
12999,15.21,2332800,7,8,1.8,64,4,4000,75.35,158.58,8.05,181.0,0,1,1,1,0,12,2,20,1,0,0,0,0,0,0,1,0,0,0,0,0,0,0,0,0,0,1,0,0,0,0,0,0,0,0,0,0,0,0,0,0
13999,16.0,2527200,9,8,2.0,128,6,4000,75.21,159.21,8.1,186.0,1,0,0,0,0,48,2,13,1,0,0,0,0,0,0,1,0,0,0,0,0,0,0,0,0,0,0,0,0,0,0,0,0,0,0,0,0,0,0,0,1
16999,16.94,2592000,10,8,2.3,128,6,5020,76.68,165.5,8.8,209.0,0,1,0,1,0,64,4,32,1,0,0,0,0,0,0,1,0,0,1,0,0,0,0,0,0,0,0,0,0,0,0,0,0,0,0,0,0,0,0,0,0
16999,16.94,2592000,10,8,2.3,128,6,5020,76.68,165.5,8.8,209.0,0,1,0,1,0,64,4,32,1,0,0,0,0,0,0,1,0,0,0,0,0,0,0,0,0,0,0,0,0,0,0,0,0,0,0,0,0,0,0,0,1
6999,15.8,1094400,9,8,1.95,32,2,5000,75.41,156.48,9.4,188.0,1,1,0,1,0,12,1,8,1,0,0,0,0,0,0,1,0,0,0,0,0,0,0,0,0,0,0,0,0,0,0,0,0,1,0,0,0,0,0,0,0
10999,16.0,2527200,9,8,2.0,64,4,4000,75.21,159.21,8.1,186.0,1,1,0,1,0,48,2,13,1,0,0,0,0,0,0,1,0,0,1,0,0,0,0,0,0,0,0,0,0,0,0,0,0,0,0,0,0,0,0,0,0
55400,16.94,2527200,10,8,2.84,256,8,4780,74.8,162.58,8.96,209.0,0,0,0,1,1,10,1,20,1,0,0,1,0,0,0,0,0,0,0,0,0,0,0,0,0,0,0,1,0,0,0,0,0,0,0,0,0,0,0,0,0
13999,15.21,2332800,7,8,1.8,64,6,4000,75.35,158.58,8.05,181.0,0,1,1,1,0,12,2,20,1,0,0,0,0,0,0,1,0,0,1,0,0,0,0,0,0,0,0,0,0,0,0,0,0,0,0,0,0,0,0,0,0
16999,15.21,2332800,7,8,1.8,64,6,4000,75.35,158.58,8.05,181.0,0,1,1,1,0,12,2,20,1,0,0,0,0,0,0,1,0,0,0,0,0,0,0,0,0,0,1,0,0,0,0,0,0,0,0,0,0,0,0,0,0
12999,15.21,2332800,7,8,1.8,64,4,4000,75.35,158.58,8.05,181.0,0,1,1,1,0,12,2,20,1,0,0,0,0,0,0,1,0,0,0,0,0,0,0,0,0,0,0,0,0,0,0,0,0,1,0,0,0,0,0,0,0
13999,15.21,2332800,8,8,2.2,64,4,3010,75.4,158.7,7.3,168.0,1,1,1,1,0,20,2,20,1,0,0,1,0,0,0,0,0,0,0,0,0,0,0,0,0,0,0,0,0,0,0,0,0,1,0,0,0,0,0,0,0
17999,15.21,2332800,7,8,1.8,64,6,4000,75.35,158.58,8.05,181.0,0,1,1,1,0,12,2,20,1,0,0,0,0,0,0,1,0,0,0,0,0,0,0,0,0,0,1,0,0,0,0,0,0,0,0,0,0,0,0,0,0
13999,15.21,2332800,8,8,2.2,64,4,3010,75.4,158.7,7.3,168.0,1,1,1,1,0,20,2,20,1,0,0,1,0,0,0,0,0,0,0,1,0,0,0,0,0,0,0,0,0,0,0,0,0,0,0,0,0,0,0,0,0
6700,12.7,921600,8,4,1.4,16,1,3000,70.1,140.4,8.35,137.0,1,1,1,1,0,8,1,5,1,0,0,0,0,0,0,1,0,0,0,1,0,0,0,0,0,0,0,0,0,0,0,0,0,0,0,0,0,0,0,0,0
12999,15.21,2332800,7,8,1.8,64,4,4000,75.35,158.58,8.05,181.0,0,1,1,1,0,12,2,20,1,0,0,0,0,0,0,1,0,0,1,0,0,0,0,0,0,0,0,0,0,0,0,0,0,0,0,0,0,0,0,0,0
9999,16.0,2527200,9,8,2.2,32,3,4000,75.21,159.21,8.1,186.0,1,1,1,1,0,48,2,13,1,0,0,0,0,0,0,1,0,0,0,1,0,0,0,0,0,0,0,0,0,0,0,0,0,0,0,0,0,0,0,0,0
8499,15.21,1036800,8,8,2.0,64,4,3080,77.26,160.73,8.1,168.0,1,1,1,0,0,12,2,16,1,0,0,0,0,0,0,1,0,0,0,0,0,0,0,0,0,0,1,0,0,0,0,0,0,0,0,0,0,0,0,0,0
6699,13.84,1036800,9,8,2.0,32,2,4000,70.4,146.3,9.55,165.0,1,1,0,1,0,12,1,5,1,0,0,0,0,0,0,1,0,0,1,0,0,0,0,0,0,0,0,0,0,0,0,0,0,0,0,0,0,0,0,0,0
11999,16.0,2527200,9,8,2.2,64,4,4000,75.21,159.21,8.1,186.0,1,1,1,1,0,48,2,13,1,0,0,0,0,0,0,1,0,0,1,0,0,0,0,0,0,0,0,0,0,0,0,0,0,0,0,0,0,0,0,0,0
7999,15.21,1036800,8,8,2.0,32,3,3080,77.26,160.73,8.1,168.0,1,1,1,0,0,12,2,16,1,0,0,0,0,0,0,1,0,0,0,1,0,0,0,0,0,0,0,0,0,0,0,0,0,0,0,0,0,0,0,0,0
8499,15.21,1036800,8,8,2.0,64,4,3080,77.26,160.73,8.1,168.0,1,1,1,0,0,12,2,16,1,0,0,0,0,0,0,1,0,0,1,0,0,0,0,0,0,0,0,0,0,0,0,0,0,0,0,0,0,0,0,0,0
9999,16.0,2527200,9,8,2.2,32,3,4000,75.21,159.21,8.1,186.0,1,1,0,1,0,12,2,13,1,0,0,0,0,0,0,1,0,0,1,0,0,0,0,0,0,0,0,0,0,0,0,0,0,0,0,0,0,0,0,0,0
6499,13.84,1036800,9,8,2.0,16,2,4000,70.4,146.3,9.55,165.0,1,1,0,1,0,12,1,5,1,0,0,0,0,0,0,1,0,0,1,0,0,0,0,0,0,0,0,0,0,0,0,0,0,0,0,0,0,0,0,0,0
7999,13.84,1036800,8,8,2.0,32,3,3000,71.5,147.5,8.3,146.0,1,1,0,1,0,12,2,5,1,0,0,0,0,0,0,1,0,0,0,0,0,0,0,0,0,0,1,0,0,0,0,0,0,0,0,0,0,0,0,0,0
9999,16.0,2527200,9,8,2.2,32,3,4000,75.21,159.21,8.1,186.0,1,1,0,1,0,12,2,13,1,0,0,0,0,0,0,1,0,0,0,0,0,0,0,0,0,0,0,0,0,0,0,0,0,1,0,0,0,0,0,0,0
11999,16.0,2527200,9,8,2.2,64,4,4000,75.21,159.21,8.1,186.0,1,1,1,1,0,48,2,13,1,0,0,0,0,0,0,1,0,0,0,0,0,0,0,0,0,0,0,0,0,0,0,0,0,1,0,0,0,0,0,0,0
6499,13.84,1036800,9,8,2.0,16,2,4000,70.4,146.3,9.55,165.0,1,1,0,1,0,12,1,5,1,0,0,0,0,0,0,1,0,0,0,0,0,0,0,0,0,0,1,0,0,0,0,0,0,0,0,0,0,0,0,0,0
13999,15.21,2332800,7,8,1.8,64,6,4000,75.35,158.58,8.05,181.0,0,1,1,1,0,12,2,20,1,0,0,0,0,0,0,1,0,0,0,1,0,0,0,0,0,0,0,0,0,0,0,0,0,0,0,0,0,0,0,0,0
12999,15.21,2332800,7,8,1.8,64,4,4000,75.35,158.58,8.05,181.0,0,1,1,1,0,12,2,20,1,0,0,0,0,0,0,1,0,0,0,1,0,0,0,0,0,0,0,0,0,0,0,0,0,0,0,0,0,0,0,0,0
8369,15.9,1094400,9,8,1.8,32,3,4000,75.58,158.73,8.47,180.0,1,1,1,0,0,12,2,32,1,0,0,0,0,0,0,1,0,0,0,1,0,0,0,0,0,0,0,0,0,0,0,0,0,0,0,0,0,0,0,0,0
8090,15.9,1094400,9,8,1.8,32,3,4000,75.58,158.73,8.47,180.0,1,1,1,0,0,12,2,32,1,0,0,0,0,0,0,1,0,0,1,0,0,0,0,0,0,0,0,0,0,0,0,0,0,0,0,0,0,0,0,0,0
9999,16.0,2527200,9,8,2.2,32,3,4000,75.21,159.21,8.1,186.0,1,1,0,1,0,12,2,13,1,0,0,0,0,0,0,1,0,0,0,1,0,0,0,0,0,0,0,0,0,0,0,0,0,0,0,0,0,0,0,0,0
21999,16.23,2527200,9,8,2.2,64,6,4000,74.3,156.7,8.8,191.0,1,1,0,1,0,48,3,20,1,0,0,0,0,0,0,1,0,0,0,0,0,0,0,0,0,0,0,0,0,0,0,0,0,1,0,0,0,0,0,0,0
9999,16.0,2527200,9,8,2.2,32,3,4000,75.21,159.21,8.1,186.0,1,0,0,0,0,48,2,13,1,0,0,0,0,0,0,1,0,0,0,0,0,0,0,0,0,0,0,0,0,0,0,0,0,0,0,0,0,0,0,0,1
55400,16.94,2527200,10,8,2.84,256,8,4780,74.8,162.58,8.96,209.0,0,0,0,1,1,10,1,20,1,0,0,1,0,0,0,0,0,0,0,0,0,0,0,0,0,0,0,1,0,0,0,0,0,0,0,0,0,0,0,0,0
13999,15.21,2332800,7,8,1.8,64,6,4000,75.35,158.58,8.05,181.0,0,1,1,1,0,12,2,20,1,0,0,0,0,0,0,1,0,0,1,0,0,0,0,0,0,0,0,0,0,0,0,0,0,0,0,0,0,0,0,0,0
16999,15.21,2332800,7,8,1.8,64,6,4000,75.35,158.58,8.05,181.0,0,1,1,1,0,12,2,20,1,0,0,0,0,0,0,1,0,0,0,0,0,0,0,0,0,0,1,0,0,0,0,0,0,0,0,0,0,0,0,0,0
12999,15.21,2332800,7,8,1.8,64,4,4000,75.35,158.58,8.05,181.0,0,1,1,1,0,12,2,20,1,0,0,0,0,0,0,1,0,0,0,0,0,0,0,0,0,0,0,0,0,0,0,0,0,1,0,0,0,0,0,0,0
13999,15.21,2332800,8,8,2.2,64,4,3010,75.4,158.7,7.3,168.0,1,1,1,1,0,20,2,20,1,0,0,1,0,0,0,0,0,0,0,0,0,0,0,0,0,0,0,0,0,0,0,0,0,1,0,0,0,0,0,0,0
17999,15.21,2332800,7,8,1.8,64,6,4000,75.35,158.58,8.05,181.0,0,1,1,1,0,12,2,20,1,0,0,0,0,0,0,1,0,0,0,0,0,0,0,0,0,0,1,0,0,0,0,0,0,0,0,0,0,0,0,0,0
13999,15.21,2332800,8,8,2.2,64,4,3010,75.4,158.7,7.3,168.0,1,1,1,1,0,20,2,20,1,0,0,1,0,0,0,0,0,0,0,1,0,0,0,0,0,0,0,0,0,0,0,0,0,0,0,0,0,0,0,0,0
6700,12.7,921600,8,4,1.4,16,1,3000,70.1,140.4,8.35,137.0,1,1,1,1,0,8,1,5,1,0,0,0,0,0,0,1,0,0,0,1,0,0,0,0,0,0,0,0,0,0,0,0,0,0,0,0,0,0,0,0,0
13999,13.97,2073600,6,8,2.0,64,4,4100,76.0,151.0,8.4,165.0,0,1,0,1,0,13,1,5,1,0,0,0,0,0,0,1,0,0,0,0,0,0,0,0,0,0,1,0,0,0,0,0,0,0,0,0,0,0,0,0,0
8499,15.8,1094400,9,8,2.0,32,2,5000,9.0,175.0,92.0,186.0,0,1,0,1,0,13,2,8,1,0,0,0,0,0,0,1,0,0,0,0,0,0,0,0,0,0,0,0,0,0,0,0,0,0,0,0,0,0,0,0,1
8498,15.8,1094400,9,8,2.0,32,2,5000,9.0,175.0,92.0,186.0,1,1,0,1,0,13,2,8,1,0,0,0,0,0,0,1,0,0,0,0,0,0,0,0,0,0,0,0,1,0,0,0,0,0,0,0,0,0,0,0,0
9990,15.8,1094400,9,8,1.95,64,3,5000,75.41,156.48,9.4,191.0,0,1,0,1,0,13,2,8,1,0,0,0,0,0,0,1,0,0,0,0,0,0,0,0,0,0,0,0,0,0,0,0,0,0,0,0,0,0,0,0,1
9990,15.8,1094400,9,8,1.95,64,3,5000,75.41,156.48,9.4,191.0,0,1,0,1,0,13,2,8,1,0,0,0,0,0,0,1,0,0,0,1,0,0,0,0,0,0,0,0,0,0,0,0,0,0,0,0,0,0,0,0,0
11349,15.9,2462400,8,8,1.8,64,4,4000,76.4,157.9,8.26,181.0,1,1,1,1,0,12,2,20,2,0,0,0,0,0,0,1,0,0,1,0,0,0,0,0,0,0,0,0,0,0,0,0,0,0,0,0,0,0,0,0,0
16999,16.0,2527200,9,8,2.0,128,6,4000,75.21,159.21,8.1,186.0,1,1,0,1,0,48,2,13,1,0,0,0,0,0,0,1,0,0,0,1,0,0,0,0,0,0,0,0,0,0,0,0,0,0,0,0,0,0,0,0,0
9999,15.8,1094400,9,8,1.95,64,3,5000,75.41,156.48,9.4,191.0,0,1,0,1,0,13,2,8,1,0,0,0,0,0,0,1,0,0,0,0,0,0,0,0,0,0,0,0,1,0,0,0,0,0,0,0,0,0,0,0,0
19999,16.94,2592000,10,8,2.3,128,6,5020,76.68,165.75,8.8,209.0,0,1,0,1,0,48,4,16,1,0,0,0,0,0,0,1,0,0,0,0,0,0,0,0,0,0,0,0,0,0,0,0,0,0,0,0,0,0,0,0,1
14800,16.0,2527200,9,8,2.2,64,4,4000,75.21,159.21,8.1,186.0,1,1,0,1,0,12,2,13,1,0,0,0,0,0,0,1,0,0,0,1,0,0,0,0,0,0,0,0,0,0,0,0,0,0,0,0,0,0,0,0,0
13990,15.21,2332800,8,8,2.2,64,4,3010,75.4,158.7,7.3,168.0,1,1,1,1,0,20,2,20,1,0,0,1,0,0,0,0,0,0,0,0,0,0,0,0,0,0,1,0,0,0,0,0,0,0,0,0,0,0,0,0,0
6699,13.84,1036800,9,8,2.0,32,2,4000,70.4,146.3,9.55,165.0,1,1,0,1,0,12,1,5,1,0,0,0,0,0,0,1,0,0,0,0,0,0,0,0,0,0,1,0,0,0,0,0,0,0,0,0,0,0,0,0,0
8689,15.21,1036800,8,8,2.0,32,3,3080,77.26,160.73,8.1,168.0,1,1,1,0,0,12,2,16,1,0,0,0,0,0,0,1,0,0,0,0,0,0,0,0,0,0,1,0,0,0,0,0,0,0,0,0,0,0,0,0,0
11599,13.97,921600,7,8,1.4,64,4,3080,76.2,153.0,7.7,154.0,1,1,1,0,0,13,1,16,1,0,0,0,0,0,0,1,0,0,0,0,0,0,0,0,0,0,0,0,1,0,0,0,0,0,0,0,0,0,0,0,0
7999,15.21,1036800,8,8,2.0,32,3,3080,77.26,160.73,8.1,168.0,1,1,1,0,0,12,2,16,1,0,0,0,0,0,0,1,0,0,0,0,0,0,0,0,0,0,0,0,1,0,0,0,0,0,0,0,0,0,0,0,0
9900,16.13,1111680,9,8,2.0,64,3,5000,76.77,159.43,8.92,190.5,1,1,1,1,0,13,3,8,1,0,0,0,0,0,0,0,0,1,0,0,0,0,0,0,0,0,0,0,0,0,0,0,0,1,0,0,0,0,0,0,0
10990,16.13,1111680,9,8,2.0,32,3,5000,76.77,159.43,8.92,190.5,1,1,1,1,0,13,3,8,1,0,0,0,0,0,0,0,0,1,1,0,0,0,0,0,0,0,0,0,0,0,0,0,0,0,0,0,0,0,0,0,0
10849,16.13,1111680,9,8,1.95,32,3,5000,76.77,159.43,8.92,190.5,1,1,1,1,0,13,2,8,1,0,0,0,0,0,0,0,0,1,0,1,0,0,0,0,0,0,0,0,0,0,0,0,0,0,0,0,0,0,0,0,0
16990,16.21,2527200,9,8,2.3,64,6,4500,75.23,159.53,8.13,189.6,1,1,1,0,0,48,3,32,1,0,0,0,0,0,0,0,0,1,0,1,0,0,0,0,0,0,0,0,0,0,0,0,0,0,0,0,0,0,0,0,0
16990,16.21,2527200,9,8,2.3,64,6,4500,75.23,159.53,8.13,189.6,1,1,1,0,0,48,3,32,1,0,0,0,0,0,0,0,0,1,0,0,0,0,0,0,0,0,0,0,0,0,0,0,1,0,0,0,0,0,0,0,0
18990,16.21,2527200,9,8,2.3,128,8,4500,75.23,159.53,8.13,189.6,1,1,1,0,0,48,3,32,1,0,0,0,0,0,0,0,0,1,0,1,0,0,0,0,0,0,0,0,0,0,0,0,0,0,0,0,0,0,0,0,0
18990,16.21,2527200,9,8,2.3,128,8,4500,75.23,159.53,8.13,189.6,1,1,1,0,0,48,3,32,1,0,0,0,0,0,0,0,0,1,0,0,0,0,0,0,0,0,0,0,0,0,0,0,1,0,0,0,0,0,0,0,0
12990,16.13,1111680,9,8,2.0,64,4,5000,76.77,159.43,8.92,190.5,1,1,1,1,0,13,3,16,1,0,0,0,0,0,0,0,0,1,0,0,0,0,0,0,0,0,0,0,0,0,0,0,0,1,0,0,0,0,0,0,0
10849,16.13,1111680,9,8,1.95,32,3,5000,76.77,159.43,8.92,190.5,1,1,1,1,0,13,2,8,1,0,0,0,0,0,0,0,0,1,0,0,0,0,0,0,0,0,0,0,0,0,0,0,0,1,0,0,0,0,0,0,0
19990,16.21,2527200,9,8,2.0,128,8,4500,75.19,159.25,8.68,186.7,1,1,1,1,0,48,4,32,1,0,0,0,0,0,0,0,0,1,1,0,0,0,0,0,0,0,0,0,0,0,0,0,0,0,0,0,0,0,0,0,0
19990,16.21,2527200,9,8,2.0,128,8,4500,75.19,159.25,8.68,186.7,1,1,1,1,0,48,4,32,1,0,0,0,0,0,0,0,0,1,0,1,0,0,0,0,0,0,0,0,0,0,0,0,0,0,0,0,0,0,0,0,0
19990,16.21,2527200,9,8,2.0,128,8,4500,75.19,159.25,8.68,186.7,1,1,1,1,0,48,4,32,1,0,0,0,0,0,0,0,0,1,0,0,0,0,0,0,0,0,0,0,0,0,0,0,0,0,0,0,0,0,0,0,1
8990,15.8,1094400,8,8,2.0,32,3,4030,75.09,155.11,8.28,163.5,1,1,1,1,0,13,1,5,1,0,0,0,0,0,0,0,0,1,1,0,0,0,0,0,0,0,0,0,0,0,0,0,0,0,0,0,0,0,0,0,0
11982,15.8,1094400,8,8,2.0,32,3,4030,75.09,155.11,8.28,163.5,1,1,1,1,0,13,1,5,1,0,0,0,0,0,0,0,0,1,0,1,0,0,0,0,0,0,0,0,0,0,0,0,0,0,0,0,0,0,0,0,0
17990,16.59,2527200,10,8,2.0,128,8,5000,76.46,162.04,9.11,197.0,1,1,1,1,0,13,4,16,1,0,0,0,0,0,0,0,0,1,0,0,0,0,0,0,0,0,0,0,0,0,0,0,0,0,0,0,0,0,0,0,1
17990,16.59,2527200,10,8,2.0,128,8,5000,76.46,162.04,9.11,197.0,1,1,1,1,0,13,4,16,1,0,0,0,0,0,0,0,0,1,0,1,0,0,0,0,0,0,0,0,0,0,0,0,0,0,0,0,0,0,0,0,0
17990,16.59,2527200,9,8,2.3,128,6,5000,77.33,162.39,8.85,201.0,1,1,1,1,0,16,3,32,1,0,0,0,0,0,0,0,0,1,1,0,0,0,0,0,0,0,0,0,0,0,0,0,0,0,0,0,0,0,0,0,0
13990,16.59,2527200,9,8,2.3,64,4,5000,77.33,162.39,8.85,201.0,1,1,1,1,0,16,3,32,1,0,0,0,0,0,0,0,0,1,1,0,0,0,0,0,0,0,0,0,0,0,0,0,0,0,0,0,0,0,0,0,0
17990,16.59,2527200,9,8,2.3,128,6,5000,77.33,162.39,8.85,201.0,1,1,1,1,0,16,3,32,1,0,0,0,0,0,0,0,0,1,0,1,0,0,0,0,0,0,0,0,0,0,0,0,0,0,0,0,0,0,0,0,0
8705,15.8,1094400,8,8,2.0,32,2,4030,75.09,155.11,8.28,163.5,1,1,1,1,0,13,1,5,1,0,0,0,0,0,0,0,0,1,0,1,0,0,0,0,0,0,0,0,0,0,0,0,0,0,0,0,0,0,0,0,0
8949,15.8,1094400,8,8,2.0,32,2,4030,75.09,155.11,8.28,163.5,1,1,1,1,0,13,1,5,1,0,0,0,0,0,0,0,0,1,1,0,0,0,0,0,0,0,0,0,0,0,0,0,0,0,0,0,0,0,0,0,0
16375,16.59,2527200,9,8,2.0,128,4,5000,76.47,162.15,8.89,193.0,1,1,1,0,0,16,3,16,1,0,0,0,0,0,0,0,0,1,1,0,0,0,0,0,0,0,0,0,0,0,0,0,0,0,0,0,0,0,0,0,0
31990,16.36,2592000,10,8,2.3,256,8,4500,75.04,159.64,8.5,186.5,1,1,1,1,0,48,4,32,2,0,0,0,0,0,0,0,0,1,0,0,0,0,0,0,0,0,0,0,0,0,0,0,0,0,0,0,0,1,0,0,0
27990,16.36,2592000,10,8,2.3,128,8,4500,75.04,159.64,8.5,186.5,1,1,1,1,0,48,4,32,2,0,0,0,0,0,0,0,0,1,0,0,0,0,0,0,0,0,0,0,0,0,0,0,0,0,0,0,0,1,0,0,0
27990,16.36,2592000,10,8,2.3,128,8,4500,75.04,159.64,8.5,186.5,1,1,1,1,0,48,4,32,2,0,0,0,0,0,0,0,0,1,1,0,0,0,0,0,0,0,0,0,0,0,0,0,0,0,0,0,0,0,0,0,0
31990,16.36,2592000,10,8,2.3,256,8,4500,75.04,159.64,8.5,186.5,1,1,1,1,0,48,4,32,2,0,0,0,0,0,0,0,0,1,1,0,0,0,0,0,0,0,0,0,0,0,0,0,0,0,0,0,0,0,0,0,0
24990,16.36,2592000,9,8,2.0,128,8,4500,74.17,159.01,8.54,176.0,1,1,1,0,0,48,4,32,1,0,0,0,0,0,0,0,0,1,0,0,0,0,0,0,0,0,0,0,0,0,0,0,0,0,0,0,0,0,0,0,1
24990,16.36,2592000,9,8,2.0,128,8,4500,74.17,159.01,8.54,176.0,1,1,1,0,0,48,4,32,1,0,0,0,0,0,0,0,0,1,1,0,0,0,0,0,0,0,0,0,0,0,0,0,0,0,0,0,0,0,0,0,0
11990,16.13,1111680,9,8,2.0,64,3,5000,76.77,159.43,8.92,190.5,1,1,1,1,0,13,3,8,1,0,0,0,0,0,0,0,0,1,0,1,0,0,0,0,0,0,0,0,0,0,0,0,0,0,0,0,0,0,0,0,0
18990,16.21,2527200,9,8,2.0,64,6,4500,75.23,159.53,8.13,179.0,1,1,1,0,0,16,3,32,1,0,0,0,0,0,0,0,0,1,0,1,0,0,0,0,0,0,0,0,0,0,0,0,0,0,0,0,0,0,0,0,0
16990,16.21,2527200,9,8,2.0,128,4,4500,75.23,159.53,8.13,179.0,1,1,1,0,0,16,3,32,1,0,0,0,0,0,0,0,0,1,0,1,0,0,0,0,0,0,0,0,0,0,0,0,0,0,0,0,0,0,0,0,0
19990,16.21,2527200,9,8,2.0,128,6,4500,75.23,159.53,8.13,179.0,1,1,1,0,0,16,3,32,1,0,0,0,0,0,0,0,0,1,0,1,0,0,0,0,0,0,0,0,0,0,0,0,0,0,0,0,0,0,0,0,0
16990,16.21,2527200,9,8,2.0,128,4,4500,75.23,159.53,8.13,179.0,1,1,1,0,0,16,3,32,1,0,0,0,0,0,0,0,0,1,1,0,0,0,0,0,0,0,0,0,0,0,0,0,0,0,0,0,0,0,0,0,0
19990,16.21,2527200,9,8,2.0,128,6,4500,75.23,159.53,8.13,179.0,1,1,1,0,0,16,3,32,1,0,0,0,0,0,0,0,0,1,1,0,0,0,0,0,0,0,0,0,0,0,0,0,0,0,0,0,0,0,0,0,0
9199,15.8,1094400,8,8,2.0,16,2,4030,75.09,155.11,8.28,163.5,1,1,1,1,0,13,1,5,1,0,0,0,0,0,0,0,0,1,1,0,0,0,0,0,0,0,0,0,0,0,0,0,0,0,0,0,0,0,0,0,0
22399,16.23,2527200,9,8,2.0,128,6,3700,74.71,157.25,8.21,185.0,1,1,1,1,0,48,3,32,1,0,0,0,0,0,0,0,0,1,0,1,0,0,0,0,0,0,0,0,0,0,0,0,0,0,0,0,0,0,0,0,0
13990,16.13,1111680,9,8,2.3,128,4,5000,76.77,159.43,8.92,190.5,1,1,1,1,0,13,3,20,1,0,0,0,0,0,0,0,0,1,0,0,0,0,0,0,0,0,0,0,0,0,0,0,1,0,0,0,0,0,0,0,0
21099,16.23,2527200,9,8,2.0,128,6,3700,74.71,157.25,8.21,185.0,1,1,1,1,0,48,2,32,1,0,0,0,0,0,0,0,0,1,0,0,0,0,0,0,0,0,0,0,0,0,0,0,0,1,0,0,0,0,0,0,0
29499,16.36,2592000,9,8,2.0,128,8,4100,74.7,159.0,9.8,201.8,1,1,1,0,0,48,4,32,2,0,0,0,0,0,0,0,0,1,1,0,0,0,0,0,0,0,0,0,0,0,0,0,0,0,0,0,0,0,0,0,0
29499,16.36,2592000,9,8,2.0,128,8,4100,74.7,159.0,9.8,201.8,1,1,1,0,0,48,4,32,2,0,0,0,0,0,0,0,0,1,0,0,0,0,0,0,0,0,0,0,0,0,0,0,0,0,0,0,0,0,0,0,1
11490,16.13,1111680,9,8,2.0,64,3,5000,76.77,159.43,8.92,190.5,1,1,1,1,0,13,3,8,1,0,0,0,0,0,0,0,0,1,1,0,0,0,0,0,0,0,0,0,0,0,0,0,0,0,0,0,0,0,0,0,0
28499,16.23,2527200,9,8,2.0,128,8,3700,74.71,157.25,8.21,185.0,1,1,1,1,0,48,2,32,1,0,0,0,0,0,0,0,0,1,0,1,0,0,0,0,0,0,0,0,0,0,0,0,0,0,0,0,0,0,0,0,0
28990,16.28,2527200,8,8,1.95,64,6,3400,75.08,157.91,7.9,156.0,1,1,0,1,0,12,2,25,1,0,0,0,0,0,0,0,0,1,1,0,0,0,0,0,0,0,0,0,0,0,0,0,0,0,0,0,0,0,0,0,0
29990,16.74,2501280,8,8,2.8,128,8,4000,77.0,162.0,7.98,199.0,1,1,1,1,0,12,2,8,1,0,0,0,0,0,0,0,0,1,1,0,0,0,0,0,0,0,0,0,0,0,0,0,0,0,0,0,0,0,0,0,0
13990,15.49,1094400,8,8,2.0,32,3,3260,75.0,155.06,7.77,148.0,1,1,0,1,0,13,1,5,1,0,0,0,0,0,0,0,0,1,1,0,0,0,0,0,0,0,0,0,0,0,0,0,0,0,0,0,0,0,0,0,0
16990,16.0,2462400,8,8,1.8,32,4,3260,75.03,154.81,7.89,150.0,1,1,0,1,0,16,2,16,1,0,0,0,0,0,0,0,0,1,1,0,0,0,0,0,0,0,0,0,0,0,0,0,0,0,0,0,0,0,0,0,0
21099,16.59,2527200,9,8,2.1,64,6,4000,75.93,161.97,8.54,189.5,1,1,1,1,0,12,3,32,1,0,0,0,0,0,0,0,0,1,1,0,0,0,0,0,0,0,0,0,0,0,0,0,0,0,0,0,0,0,0,0,0
15500,15.8,1094400,8,8,2.0,32,4,4030,75.09,155.11,8.28,163.5,1,1,1,1,0,13,2,8,1,0,0,0,0,0,0,0,0,1,1,0,0,0,0,0,0,0,0,0,0,0,0,0,0,0,0,0,0,0,0,0,0
14990,15.8,1094400,8,8,2.0,64,3,4030,75.09,155.11,8.28,163.5,1,1,1,1,0,13,2,8,1,0,0,0,0,0,0,0,0,1,1,0,0,0,0,0,0,0,0,0,0,0,0,0,0,0,0,0,0,0,0,0,0
11990,15.8,1094400,8,8,2.0,32,2,4030,75.09,155.11,8.28,163.5,1,1,1,1,0,13,2,8,1,0,0,0,0,0,0,0,0,1,0,1,0,0,0,0,0,0,0,0,0,0,0,0,0,0,0,0,0,0,0,0,0
18900,14.48,1036800,7,8,1.8,32,4,3000,72.8,149.3,7.9,139.0,1,1,0,1,0,16,1,24,1,0,0,0,0,0,0,0,0,1,1,0,0,0,0,0,0,0,0,0,0,0,0,0,0,0,0,0,0,0,0,0,0
15990,14.48,1036800,7,8,1.8,32,4,3000,72.8,149.3,7.9,139.0,1,1,0,1,0,16,1,24,1,0,0,0,0,0,0,0,0,1,0,1,0,0,0,0,0,0,0,0,0,0,0,0,0,0,0,0,0,0,0,0,0
11999,15.8,1094400,8,8,2.0,32,4,3260,75.24,155.21,7.7,151.0,1,1,1,1,0,13,1,8,1,0,0,0,0,0,0,0,0,1,0,0,0,0,0,0,0,0,1,0,0,0,0,0,0,0,0,0,0,0,0,0,0
24000,16.0,2462400,8,8,2.2,64,4,3260,75.03,154.81,7.89,150.0,1,1,0,1,0,16,2,24,1,0,0,0,0,0,0,0,0,1,0,0,0,0,0,0,0,0,1,0,0,0,0,0,0,0,0,0,0,0,0,0,0
8900,15.24,1036800,8,4,1.4,16,2,3360,75.74,155.87,7.8,150.0,1,1,0,1,0,8,1,5,1,0,0,0,0,0,0,0,0,1,1,0,0,0,0,0,0,0,0,0,0,0,0,0,0,0,0,0,0,0,0,0,0
15990,15.8,1094400,8,8,2.0,32,4,4030,75.09,155.11,8.28,163.5,1,1,1,1,0,13,2,8,1,0,0,0,0,0,0,0,0,1,0,0,0,0,0,0,0,0,0,0,0,0,0,0,1,0,0,0,0,0,0,0,0
10990,16.13,1111680,9,8,2.0,32,3,5000,76.77,159.43,8.92,190.5,1,1,1,1,0,13,3,8,1,0,0,0,0,0,0,0,0,1,0,1,0,0,0,0,0,0,0,0,0,0,0,0,0,0,0,0,0,0,0,0,0
14990,16.59,2527200,9,8,2.3,64,6,5000,77.33,162.39,8.85,201.0,1,1,1,1,0,16,3,32,1,0,0,0,0,0,0,0,0,1,1,0,0,0,0,0,0,0,0,0,0,0,0,0,0,0,0,0,0,0,0,0,0
13990,16.59,2527200,9,8,2.3,64,4,5000,77.33,162.39,8.85,201.0,1,1,1,1,0,16,3,32,1,0,0,0,0,0,0,0,0,1,0,1,0,0,0,0,0,0,0,0,0,0,0,0,0,0,0,0,0,0,0,0,0
14990,16.59,2527200,9,8,2.3,64,6,5000,77.33,162.39,8.85,201.0,1,1,1,1,0,16,3,32,1,0,0,0,0,0,0,0,0,1,0,1,0,0,0,0,0,0,0,0,0,0,0,0,0,0,0,0,0,0,0,0,0
12990,16.13,1111680,9,8,2.0,64,4,5000,76.77,159.43,8.92,190.5,1,1,1,1,0,13,3,8,1,0,0,0,0,0,0,0,0,1,0,1,0,0,0,0,0,0,0,0,0,0,0,0,0,0,0,0,0,0,0,0,0
12990,16.13,1111680,9,8,2.0,64,4,5000,76.77,159.43,8.92,190.5,1,1,1,1,0,13,3,8,1,0,0,0,0,0,0,0,0,1,1,0,0,0,0,0,0,0,0,0,0,0,0,0,0,0,0,0,0,0,0,0,0
17990,16.0,2462400,8,8,1.95,64,4,3260,75.03,154.81,7.89,150.0,1,1,1,1,0,13,2,16,1,0,0,0,0,0,0,0,0,1,1,0,0,0,0,0,0,0,0,0,0,0,0,0,0,0,0,0,0,0,0,0,0
17990,16.0,2462400,8,8,1.95,64,4,3260,75.03,154.81,7.89,150.0,1,1,1,1,0,13,2,16,1,0,0,0,0,0,0,0,0,1,0,0,0,0,0,0,0,0,0,0,0,0,0,0,1,0,0,0,0,0,0,0,0
11500,15.49,1094400,8,8,2.0,32,3,3260,75.0,155.06,7.77,148.0,1,1,0,1,0,13,1,5,1,0,0,0,0,0,0,0,0,1,0,0,0,0,0,0,0,0,1,0,0,0,0,0,0,0,0,0,0,0,0,0,0
17999,16.0,2462400,8,8,1.8,32,4,3260,75.03,154.81,7.89,150.0,1,1,0,1,0,16,2,16,1,0,0,0,0,0,0,0,0,1,0,0,0,0,0,0,0,0,1,0,0,0,0,0,0,0,0,0,0,0,0,0,0
9990,15.8,1094400,8,8,2.0,32,3,4030,75.09,155.11,8.28,163.5,1,1,1,1,0,13,2,8,1,0,0,0,0,0,0,0,0,1,1,0,0,0,0,0,0,0,0,0,0,0,0,0,0,0,0,0,0,0,0,0,0
10900,15.24,1036800,8,4,1.4,16,3,3360,75.74,155.87,7.8,150.0,1,1,0,1,0,13,1,5,1,0,0,0,0,0,0,0,0,1,0,0,0,0,0,0,0,0,1,0,0,0,0,0,0,0,0,0,0,0,0,0,0
12000,15.24,1036800,8,4,1.4,32,4,3360,75.74,155.87,7.8,150.0,1,1,0,1,0,13,1,5,1,0,0,0,0,0,0,0,0,1,1,0,0,0,0,0,0,0,0,0,0,0,0,0,0,0,0,0,0,0,0,0,0
22325,15.21,1036800,7,8,1.8,64,4,3225,75.74,155.87,7.7,160.0,1,1,0,1,0,16,1,24,1,0,0,0,0,0,0,0,0,1,0,1,0,0,0,0,0,0,0,0,0,0,0,0,0,0,0,0,0,0,0,0,0
13995,13.21,921600,6,4,1.4,16,3,2730,72.9,149.9,7.5,142.0,1,1,0,1,0,13,1,5,1,0,0,0,0,0,0,0,0,1,1,0,0,0,0,0,0,0,0,0,0,0,0,0,0,0,0,0,0,0,0,0,0
13529,13.21,921600,6,4,1.4,16,3,2730,72.9,149.9,7.5,142.0,1,1,0,1,0,13,1,5,1,0,0,0,0,0,0,0,0,1,0,0,0,0,0,0,0,0,0,0,1,0,0,0,0,0,0,0,0,0,0,0,0
11990,15.8,1094400,8,4,2.0,16,2,3260,75.0,155.06,7.77,143.0,1,1,1,1,0,13,1,5,1,0,0,0,0,0,0,0,0,1,0,0,0,0,0,0,0,0,1,0,0,0,0,0,0,0,0,0,0,0,0,0,0
15500,15.8,1094400,8,8,2.0,32,4,4030,75.09,155.11,8.28,163.5,1,1,1,1,0,13,2,8,1,0,0,0,0,0,0,0,0,1,1,0,0,0,0,0,0,0,0,0,0,0,0,0,0,0,0,0,0,0,0,0,0
14990,15.8,1094400,8,8,2.0,64,3,4030,75.09,155.11,8.28,163.5,1,1,1,1,0,13,2,8,1,0,0,0,0,0,0,0,0,1,1,0,0,0,0,0,0,0,0,0,0,0,0,0,0,0,0,0,0,0,0,0,0
11990,15.8,1094400,8,8,2.0,32,2,4030,75.09,155.11,8.28,163.5,1,1,1,1,0,13,2,8,1,0,0,0,0,0,0,0,0,1,0,1,0,0,0,0,0,0,0,0,0,0,0,0,0,0,0,0,0,0,0,0,0
18900,14.48,1036800,7,8,1.8,32,4,3000,72.8,149.3,7.9,139.0,1,1,0,1,0,16,1,24,1,0,0,0,0,0,0,0,0,1,1,0,0,0,0,0,0,0,0,0,0,0,0,0,0,0,0,0,0,0,0,0,0
15990,14.48,1036800,7,8,1.8,32,4,3000,72.8,149.3,7.9,139.0,1,1,0,1,0,16,1,24,1,0,0,0,0,0,0,0,0,1,0,1,0,0,0,0,0,0,0,0,0,0,0,0,0,0,0,0,0,0,0,0,0
11999,15.8,1094400,8,8,2.0,32,4,3260,75.24,155.21,7.7,151.0,1,1,1,1,0,13,1,8,1,0,0,0,0,0,0,0,0,1,0,0,0,0,0,0,0,0,1,0,0,0,0,0,0,0,0,0,0,0,0,0,0
24000,16.0,2462400,8,8,2.2,64,4,3260,75.03,154.81,7.89,150.0,1,1,0,1,0,16,2,24,1,0,0,0,0,0,0,0,0,1,0,0,0,0,0,0,0,0,1,0,0,0,0,0,0,0,0,0,0,0,0,0,0
8900,15.24,1036800,8,4,1.4,16,2,3360,75.74,155.87,7.8,150.0,1,1,0,1,0,8,1,5,1,0,0,0,0,0,0,0,0,1,1,0,0,0,0,0,0,0,0,0,0,0,0,0,0,0,0,0,0,0,0,0,0
15990,15.8,1094400,8,8,2.0,32,4,4030,75.09,155.11,8.28,163.5,1,1,1,1,0,13,2,8,1,0,0,0,0,0,0,0,0,1,0,0,0,0,0,0,0,0,0,0,0,0,0,0,1,0,0,0,0,0,0,0,0
13990,16.59,2527200,9,8,2.3,64,4,5000,77.33,162.39,8.85,201.0,1,1,1,1,0,16,3,32,1,0,0,0,0,0,0,0,0,1,1,0,0,0,0,0,0,0,0,0,0,0,0,0,0,0,0,0,0,0,0,0,0
14990,16.59,2527200,9,8,2.3,64,6,5000,77.33,162.39,8.85,201.0,1,1,1,1,0,16,3,32,1,0,0,0,0,0,0,0,0,1,1,0,0,0,0,0,0,0,0,0,0,0,0,0,0,0,0,0,0,0,0,0,0
14990,16.59,2527200,9,8,2.3,64,6,5000,77.33,162.39,8.85,201.0,1,1,1,1,0,16,3,32,1,0,0,0,0,0,0,0,0,1,0,1,0,0,0,0,0,0,0,0,0,0,0,0,0,0,0,0,0,0,0,0,0
12990,16.13,1111680,9,8,2.0,64,4,5000,76.77,159.43,8.92,190.5,1,1,1,1,0,13,3,8,1,0,0,0,0,0,0,0,0,1,0,1,0,0,0,0,0,0,0,0,0,0,0,0,0,0,0,0,0,0,0,0,0
11490,16.13,1111680,9,8,2.0,64,3,5000,76.77,159.43,8.92,190.5,1,1,1,1,0,13,3,8,1,0,0,0,0,0,0,0,0,1,1,0,0,0,0,0,0,0,0,0,0,0,0,0,0,0,0,0,0,0,0,0,0
12990,16.13,1111680,9,8,2.0,64,4,5000,76.77,159.43,8.92,190.5,1,1,1,1,0,13,3,8,1,0,0,0,0,0,0,0,0,1,1,0,0,0,0,0,0,0,0,0,0,0,0,0,0,0,0,0,0,0,0,0,0
17990,16.0,2462400,8,8,1.95,64,4,3260,75.03,154.81,7.89,150.0,1,1,1,1,0,13,2,16,1,0,0,0,0,0,0,0,0,1,1,0,0,0,0,0,0,0,0,0,0,0,0,0,0,0,0,0,0,0,0,0,0
17990,16.0,2462400,8,8,1.95,64,4,3260,75.03,154.81,7.89,150.0,1,1,1,1,0,13,2,16,1,0,0,0,0,0,0,0,0,1,0,0,0,0,0,0,0,0,0,0,0,0,0,0,1,0,0,0,0,0,0,0,0
10900,15.24,1036800,8,4,1.4,16,3,3360,75.74,155.87,7.8,150.0,1,1,0,1,0,13,1,5,1,0,0,0,0,0,0,0,0,1,1,0,0,0,0,0,0,0,0,0,0,0,0,0,0,0,0,0,0,0,0,0,0
12000,15.24,1036800,8,4,1.4,32,4,3360,75.74,155.87,7.8,150.0,1,1,0,1,0,13,1,5,1,0,0,0,0,0,0,0,0,1,0,0,0,0,0,0,0,0,1,0,0,0,0,0,0,0,0,0,0,0,0,0,0
8998,15.8,1094400,8,8,2.0,32,2,4030,75.09,155.11,8.28,163.5,1,1,1,1,0,13,1,5,1,0,0,0,0,0,0,0,0,1,1,0,0,0,0,0,0,0,0,0,0,0,0,0,0,0,0,0,0,0,0,0,0
8990,15.8,1094400,8,8,2.0,32,2,4030,75.09,155.11,8.28,163.5,1,1,1,1,0,13,2,8,1,0,0,0,0,0,0,0,0,1,1,0,0,0,0,0,0,0,0,0,0,0,0,0,0,0,0,0,0,0,0,0,0
14914,13.97,921600,7,8,1.5,32,3,3000,75.7,154.6,7.7,162.8,1,1,1,1,0,13,1,16,1,0,0,0,0,0,0,0,0,1,0,0,0,0,0,0,0,0,1,0,0,0,0,0,0,0,0,0,0,0,0,0,0
14538,15.8,1094400,8,8,2.0,32,4,3260,75.0,155.06,7.77,148.0,1,1,1,1,0,13,1,5,1,0,0,0,0,0,0,0,0,1,1,0,0,0,0,0,0,0,0,0,0,0,0,0,0,0,0,0,0,0,0,0,0
17490,16.26,2527200,9,8,2.3,128,4,6000,159.0,9.0,75.0,186.0,0,1,0,1,0,48,2,16,1,0,0,0,0,0,0,0,1,0,0,1,0,0,0,0,0,0,0,0,0,0,0,0,0,0,0,0,0,0,0,0,0
16499,16.51,1152000,10,8,2.0,64,4,5000,75.3,163.6,8.9,191.0,1,1,1,0,0,48,4,13,1,0,0,0,0,0,0,0,1,0,0,1,0,0,0,0,0,0,0,0,0,0,0,0,0,0,0,0,0,0,0,0,0
16499,16.51,1152000,10,8,2.0,64,4,5000,75.3,163.6,8.9,191.0,1,1,1,0,0,48,4,13,1,0,0,0,0,0,0,0,1,0,1,0,0,0,0,0,0,0,0,0,0,0,0,0,0,0,0,0,0,0,0,0,0
18499,16.51,1152000,10,8,2.0,64,6,5000,75.3,163.6,8.9,191.0,1,1,1,0,0,48,4,13,1,0,0,0,0,0,0,0,1,0,0,1,0,0,0,0,0,0,0,0,0,0,0,0,0,0,0,0,0,0,0,0,0
18499,16.51,1152000,10,8,2.0,64,6,5000,75.3,163.6,8.9,191.0,1,1,1,0,0,48,4,13,1,0,0,0,0,0,0,0,1,0,0,0,0,0,0,0,0,0,0,0,0,0,0,0,0,0,0,0,0,0,0,0,1
18499,16.51,1152000,10,8,2.0,64,6,5000,75.3,163.6,8.9,191.0,1,1,1,0,0,48,4,13,1,0,0,0,0,0,0,0,1,0,1,0,0,0,0,0,0,0,0,0,0,0,0,0,0,0,0,0,0,0,0,0,0
17490,16.51,1152000,10,8,2.0,64,4,5000,75.3,163.6,8.9,191.0,1,1,1,0,0,48,4,13,1,0,0,0,0,0,0,0,1,0,0,0,0,0,0,0,0,0,0,0,0,0,0,0,0,0,0,0,0,0,0,0,1
15999,16.26,2527200,10,8,2.3,64,4,6000,75.0,159.0,9.0,188.0,0,0,0,1,0,48,3,20,1,0,0,0,0,0,0,0,1,0,0,1,0,0,0,0,0,0,0,0,0,0,0,0,0,0,0,0,0,0,0,0,0
15990,16.26,2527200,10,8,2.3,64,4,6000,75.0,159.0,9.0,188.0,0,0,0,1,0,48,3,20,1,0,0,0,0,0,0,0,1,0,1,0,0,0,0,0,0,0,0,0,0,0,0,0,0,0,0,0,0,0,0,0,0
6299,12.7,518400,8,4,1.4,16,1,2600,72.1,143.4,8.95,154.0,1,1,1,0,0,8,1,5,1,0,0,0,0,0,0,0,1,0,1,0,0,0,0,0,0,0,0,0,0,0,0,0,0,0,0,0,0,0,0,0,0
19900,16.26,2527200,10,8,2.3,128,6,6000,9.0,159.0,75.0,191.0,0,1,0,1,0,64,4,32,1,0,0,0,0,0,0,0,1,0,0,1,0,0,0,0,0,0,0,0,0,0,0,0,0,0,0,0,0,0,0,0,0
47999,17.02,2592000,10,8,2.8,512,8,4500,75.6,162.5,8.1,187.0,1,1,1,1,0,48,3,32,1,0,0,0,0,0,0,0,1,0,0,1,0,0,0,0,0,0,0,0,0,0,0,0,0,0,0,0,0,0,0,0,0
47999,17.02,2592000,10,8,2.8,512,8,4500,75.6,162.5,8.1,187.0,1,1,1,1,0,48,3,32,1,0,0,0,0,0,0,0,1,0,1,0,0,0,0,0,0,0,0,0,0,0,0,0,0,0,0,0,0,0,0,0,0
6000,11.94,518400,5,4,1.3,8,1,2000,69.0,136.5,8.4,130.0,1,1,1,0,0,5,1,2,1,0,0,0,0,0,0,0,1,0,0,0,0,0,0,0,0,0,1,0,0,0,0,0,0,0,0,0,0,0,0,0,0
20995,13.97,2073600,7,8,1.6,64,3,3600,74.7,152.4,7.8,178.0,0,1,1,0,0,13,1,13,1,0,0,0,0,0,0,0,1,0,1,0,0,0,0,0,0,0,0,0,0,0,0,0,0,0,0,0,0,0,0,0,0
11995,13.97,921600,7,8,1.6,16,2,3000,152.4,78.6,7.6,170.0,0,1,1,0,0,13,1,5,1,0,0,0,0,0,0,0,1,0,1,0,0,0,0,0,0,0,0,0,0,0,0,0,0,0,0,0,0,0,0,0,0
10995,13.97,921600,7,8,1.6,16,2,3000,152.4,78.6,7.6,170.0,1,1,1,0,0,13,1,5,1,0,0,0,0,0,0,0,1,0,0,0,0,0,0,0,0,0,1,0,0,0,0,0,0,0,0,0,0,0,0,0,0
9999,16.76,1152000,10,8,2.0,64,4,5000,76.8,165.0,8.7,185.0,1,1,1,1,0,48,3,8,1,1,0,0,0,0,0,0,0,0,0,0,0,0,0,0,0,0,0,0,0,0,0,0,0,0,0,0,0,0,1,0,0
9999,16.76,1152000,10,8,2.0,64,4,5000,76.8,165.0,8.7,185.0,1,1,1,1,0,48,3,8,1,1,0,0,0,0,0,0,0,0,0,0,0,0,0,0,0,0,0,0,0,0,0,0,0,0,0,0,0,0,0,1,0
8999,16.76,1152000,10,8,2.0,64,4,5000,76.8,165.0,8.7,185.0,1,1,1,1,0,13,3,8,1,1,0,0,0,0,0,0,0,0,0,0,0,0,0,0,0,0,0,0,0,0,0,0,0,0,0,0,0,0,1,0,0
8999,16.76,1152000,10,8,2.0,64,4,5000,76.8,165.0,8.7,185.0,1,1,1,1,0,13,3,8,1,1,0,0,0,0,0,0,0,0,0,0,0,0,0,0,0,0,0,0,0,0,0,0,0,0,0,0,0,0,0,1,0
10999,15.06,2332800,8,8,2.0,64,4,4000,75.0,158.0,8.4,190.0,1,1,1,1,0,16,1,16,1,1,0,0,0,0,0,0,0,0,0,1,0,0,0,0,0,0,0,0,0,0,0,0,0,0,0,0,0,0,0,0,0
11499,16.59,2527200,10,8,2.3,64,4,4000,76.88,162.5,8.95,194.0,1,1,1,1,0,48,2,16,1,1,0,0,0,0,0,0,0,0,0,0,0,0,0,0,0,0,0,1,0,0,0,0,0,0,0,0,0,0,0,0,0
11499,16.59,2527200,10,8,2.3,64,4,4000,76.88,162.5,8.95,194.0,1,1,1,1,0,48,2,16,1,1,0,0,0,0,0,0,0,0,0,0,0,0,0,0,0,0,0,0,0,0,0,0,0,0,0,0,0,0,1,0,0
10999,15.06,2332800,8,8,2.0,64,4,4000,75.0,158.0,8.4,190.0,1,1,1,1,0,16,1,16,1,1,0,0,0,0,0,0,0,0,0,0,0,0,0,0,0,0,0,0,0,0,0,0,0,1,0,0,0,0,0,0,0
10999,15.75,1080000,8,8,1.4,32,3,4000,75.3,156.7,8.3,150.0,1,1,1,0,0,13,2,16,1,1,0,0,0,0,0,0,0,0,0,0,0,0,0,0,0,0,0,0,1,0,0,0,0,0,0,0,0,0,0,0,0
10999,15.75,1080000,8,8,1.4,32,3,4000,75.3,156.7,8.3,150.0,1,1,1,0,0,13,2,16,1,1,0,0,0,0,0,0,0,0,1,0,0,0,0,0,0,0,0,0,0,0,0,0,0,0,0,0,0,0,0,0,0
7699,15.21,2332800,8,8,2.0,64,4,4500,75.25,158.25,8.65,175.0,1,1,0,1,0,12,1,16,1,1,0,0,0,0,0,0,0,0,0,1,0,0,0,0,0,0,0,0,0,0,0,0,0,0,0,0,0,0,0,0,0
7699,15.21,2332800,8,8,2.0,64,4,4500,75.25,158.25,8.65,175.0,1,1,0,1,0,12,1,16,1,1,0,0,0,0,0,0,0,0,0,0,0,0,0,0,0,0,0,0,1,0,0,0,0,0,0,0,0,0,0,0,0
9999,15.72,1080000,9,8,2.39,64,4,4000,74.8,153.9,7.9,159.0,1,1,1,0,0,13,2,13,2,1,0,0,0,0,0,0,0,0,1,0,0,0,0,0,0,0,0,0,0,0,0,0,0,0,0,0,0,0,0,0,0
9999,15.72,1080000,9,8,2.39,64,4,4000,74.8,153.9,7.9,159.0,1,1,1,0,0,13,2,13,2,1,0,0,0,0,0,0,0,0,0,0,0,1,0,0,0,0,0,0,0,0,0,0,0,0,0,0,0,0,0,0,0
9999,15.72,1080000,9,8,2.39,64,4,4000,74.8,153.9,7.9,159.0,1,1,1,0,0,13,2,13,2,1,0,0,0,0,0,0,0,0,0,1,0,0,0,0,0,0,0,0,0,0,0,0,0,0,0,0,0,0,0,0,0
7599,15.21,2332800,8,8,2.0,32,3,4500,75.25,158.25,8.65,175.0,1,1,0,1,0,12,1,16,1,1,0,0,0,0,0,0,0,0,0,0,0,0,0,0,0,0,0,0,1,0,0,0,0,0,0,0,0,0,0,0,0
11999,14.35,1036800,8,8,1.4,64,4,4000,72.85,153.0,8.4,150.0,1,1,0,1,0,13,1,20,1,1,0,0,0,0,0,0,0,0,0,1,0,0,0,0,0,0,0,0,0,0,0,0,0,0,0,0,0,0,0,0,0
11999,14.35,1036800,8,8,1.4,64,4,4000,72.85,153.0,8.4,150.0,1,1,0,1,0,13,1,20,1,1,0,0,0,0,0,0,0,0,1,0,0,0,0,0,0,0,0,0,0,0,0,0,0,0,0,0,0,0,0,0,0
11999,14.35,1036800,8,8,1.4,64,4,4000,72.85,153.0,8.4,150.0,1,1,0,1,0,13,1,20,1,1,0,0,0,0,0,0,0,0,0,0,0,0,0,0,0,0,1,0,0,0,0,0,0,0,0,0,0,0,0,0,0
8499,16.76,1152000,9,8,2.0,64,4,4000,76.0,164.0,7.9,178.0,1,1,1,0,0,16,2,16,1,1,0,0,0,0,0,0,0,0,0,0,0,0,0,0,0,0,0,0,0,0,0,0,0,0,0,0,0,0,1,0,0
8499,16.76,1152000,9,8,2.0,64,4,4000,76.0,164.0,7.9,178.0,1,1,1,0,0,16,2,16,1,1,0,0,0,0,0,0,0,0,0,0,0,0,0,0,1,0,0,0,0,0,0,0,0,0,0,0,0,0,0,0,0
8499,16.76,1152000,9,8,2.0,64,4,4000,76.0,164.0,7.9,178.0,1,1,1,0,0,16,2,16,1,1,0,0,0,0,0,0,0,0,1,0,0,0,0,0,0,0,0,0,0,0,0,0,0,0,0,0,0,0,0,0,0
7599,15.21,2332800,8,8,2.0,32,3,4500,75.25,158.25,8.65,175.0,1,1,0,1,0,12,1,16,1,1,0,0,0,0,0,0,0,0,1,0,0,0,0,0,0,0,0,0,0,0,0,0,0,0,0,0,0,0,0,0,0
19999,15.19,2073600,7,8,2.6,128,6,4350,82.38,166.38,7.95,197.0,1,1,0,1,0,12,2,16,1,1,0,0,0,0,0,0,0,0,1,0,0,0,0,0,0,0,0,0,0,0,0,0,0,0,0,0,0,0,0,0,0
9599,15.77,1094400,9,8,2.0,32,3,4000,75.0,156.0,7.9,155.0,1,1,1,1,0,13,3,32,1,1,0,0,0,0,0,0,0,0,0,1,0,0,0,0,0,0,0,0,0,0,0,0,0,0,0,0,0,0,0,0,0
9599,15.77,1094400,9,8,2.0,32,3,4000,75.0,156.0,7.9,155.0,1,1,1,1,0,13,3,32,1,1,0,0,0,0,0,0,0,0,0,0,0,0,0,0,0,0,0,0,0,0,0,0,1,0,0,0,0,0,0,0,0
9599,15.77,1094400,9,8,2.0,32,3,4000,75.0,156.0,7.9,155.0,1,1,1,1,0,13,3,32,1,1,0,0,0,0,0,0,0,0,0,0,0,0,0,0,0,0,0,0,1,0,0,0,0,0,0,0,0,0,0,0,0
9599,16.76,1152000,9,8,2.0,64,4,4000,76.0,164.0,7.9,178.0,1,1,1,1,0,16,3,32,1,1,0,0,0,0,0,0,0,0,0,0,0,0,0,0,1,0,0,0,0,0,0,0,0,0,0,0,0,0,0,0,0
9599,16.76,1152000,9,8,2.0,64,4,4000,76.0,164.0,7.9,178.0,1,1,1,1,0,16,3,32,1,1,0,0,0,0,0,0,0,0,0,0,0,0,0,0,0,0,0,0,0,0,0,0,0,0,0,0,0,0,1,0,0
9999,14.35,1036800,8,8,1.4,32,3,4000,72.85,153.0,8.4,150.0,1,1,0,1,0,13,1,20,1,1,0,0,0,0,0,0,0,0,0,0,0,0,0,0,0,0,1,0,0,0,0,0,0,0,0,0,0,0,0,0,0
9999,14.35,1036800,8,8,1.4,32,3,4000,72.85,153.0,8.4,150.0,1,1,0,1,0,13,1,20,1,1,0,0,0,0,0,0,0,0,1,0,0,0,0,0,0,0,0,0,0,0,0,0,0,0,0,0,0,0,0,0,0
9999,14.35,1036800,8,8,1.4,32,3,4000,72.85,153.0,8.4,150.0,1,1,0,1,0,13,1,20,1,1,0,0,0,0,0,0,0,0,0,1,0,0,0,0,0,0,0,0,0,0,0,0,0,0,0,0,0,0,0,0,0
9999,14.35,1036800,8,8,1.4,32,3,4000,72.85,153.0,8.4,150.0,1,1,0,1,0,13,1,20,1,1,0,0,0,0,0,0,0,0,0,0,0,0,0,0,0,0,0,0,0,0,0,0,0,1,0,0,0,0,0,0,0
7699,15.21,2332800,8,8,2.0,64,4,4500,75.25,158.25,8.65,175.0,1,1,0,1,0,12,1,16,1,1,0,0,0,0,0,0,0,0,1,0,0,0,0,0,0,0,0,0,0,0,0,0,0,0,0,0,0,0,0,0,0
17999,15.19,2073600,7,8,2.6,64,6,4350,82.38,166.38,7.95,197.0,1,1,0,1,0,12,2,16,1,1,0,0,0,0,0,0,0,0,1,0,0,0,0,0,0,0,0,0,0,0,0,0,0,0,0,0,0,0,0,0,0
17999,15.19,2073600,7,8,2.6,64,6,4350,82.38,166.38,7.95,197.0,1,1,0,1,0,12,2,16,1,1,0,0,0,0,0,0,0,0,0,0,0,0,0,0,0,0,0,0,0,0,0,0,0,1,0,0,0,0,0,0,0
18999,15.7,2332800,8,8,2.8,128,6,4000,75.3,155.5,8.8,180.0,1,1,0,1,0,12,2,20,1,0,0,0,0,1,0,0,0,0,0,1,0,0,0,0,0,0,0,0,0,0,0,0,0,0,0,0,0,0,0,0,0
22999,15.7,2332800,8,8,2.8,256,8,4000,75.3,155.5,8.8,180.0,1,1,0,1,0,12,2,20,1,0,0,0,0,1,0,0,0,0,0,1,0,0,0,0,0,0,0,0,0,0,0,0,0,0,0,0,0,0,0,0,0
22999,15.7,2332800,8,8,2.8,256,8,4000,75.3,155.5,8.8,180.0,1,1,0,1,0,12,2,20,1,0,0,0,0,1,0,0,0,0,1,0,0,0,0,0,0,0,0,0,0,0,0,0,0,0,0,0,0,0,0,0,0
22999,15.7,2332800,8,8,2.8,256,8,4000,75.3,155.5,8.8,180.0,1,1,0,1,0,12,2,20,1,0,0,0,0,1,0,0,0,0,0,0,0,0,0,0,0,1,0,0,0,0,0,0,0,0,0,0,0,0,0,0,0
19999,15.7,2332800,8,8,2.8,64,6,4000,75.3,155.5,8.8,180.0,1,1,0,1,0,12,2,20,1,0,0,0,0,1,0,0,0,0,0,0,0,0,0,0,0,0,0,0,0,0,0,0,0,1,0,0,0,0,0,0,0
21499,16.94,2592000,10,8,2.2,256,8,4500,76.6,165.3,8.79,208.0,1,1,1,1,0,64,4,20,2,0,0,0,0,1,0,0,0,0,0,0,0,0,0,0,0,0,0,0,0,0,0,0,1,0,0,0,0,0,0,0,0
17499,16.94,2592000,10,8,2.2,64,6,4500,76.6,165.3,8.79,208.0,1,1,1,1,0,64,4,20,2,0,0,0,0,1,0,0,0,0,0,0,0,0,0,0,0,0,0,0,0,0,0,0,1,0,0,0,0,0,0,0,0
17499,16.94,2592000,10,8,2.2,64,6,4500,76.6,165.3,8.79,208.0,1,1,1,1,0,64,4,20,2,0,0,0,0,1,0,0,0,0,0,1,0,0,0,0,0,0,0,0,0,0,0,0,0,0,0,0,0,0,0,0,0
18499,16.94,2592000,10,8,2.2,128,6,4500,76.6,165.3,8.79,208.0,1,1,1,1,0,64,4,20,2,0,0,0,0,1,0,0,0,0,0,0,0,0,0,0,0,0,0,0,0,0,0,0,0,1,0,0,0,0,0,0,0
18499,16.94,2592000,10,8,2.2,128,6,4500,76.6,165.3,8.79,208.0,1,1,1,1,0,64,4,20,2,0,0,0,0,1,0,0,0,0,0,1,0,0,0,0,0,0,0,0,0,0,0,0,0,0,0,0,0,0,0,0,0
21499,16.94,2592000,10,8,2.2,256,8,4500,76.6,165.3,8.79,208.0,1,1,1,1,0,64,4,20,2,0,0,0,0,1,0,0,0,0,0,1,0,0,0,0,0,0,0,0,0,0,0,0,0,0,0,0,0,0,0,0,0
21499,16.94,2592000,10,8,2.2,256,8,4500,76.6,165.3,8.79,208.0,1,1,1,1,0,64,4,20,2,0,0,0,0,1,0,0,0,0,0,0,0,0,0,0,0,0,0,0,0,0,0,0,0,1,0,0,0,0,0,0,0
17499,16.94,2592000,10,8,2.2,64,6,4500,76.6,165.3,8.79,208.0,1,1,1,1,0,64,4,20,2,0,0,0,0,1,0,0,0,0,0,0,0,0,0,0,0,0,0,0,0,0,0,0,0,1,0,0,0,0,0,0,0
18499,16.94,2592000,10,8,2.2,128,6,4500,76.6,165.3,8.79,208.0,1,1,1,1,0,64,4,20,2,0,0,0,0,1,0,0,0,0,0,0,0,0,0,0,0,0,0,0,0,0,0,0,1,0,0,0,0,0,0,0,0
18999,15.7,2332800,8,8,2.8,128,6,4000,75.3,155.5,8.8,180.0,1,1,0,1,0,12,2,20,1,0,0,0,0,1,0,0,0,0,0,0,0,0,0,0,0,0,0,0,0,0,0,0,0,1,0,0,0,0,0,0,0
18999,15.7,2332800,8,8,2.8,128,6,4000,75.3,155.5,8.8,180.0,1,1,0,1,0,12,2,20,1,0,0,0,0,1,0,0,0,0,1,0,0,0,0,0,0,0,0,0,0,0,0,0,0,0,0,0,0,0,0,0,0
22999,15.7,2332800,8,8,2.8,256,8,4000,75.3,155.5,8.8,180.0,1,1,0,1,0,12,2,20,1,0,0,0,0,1,0,0,0,0,0,0,0,0,0,0,0,0,0,0,0,0,0,0,0,1,0,0,0,0,0,0,0
18999,15.7,2332800,8,8,2.8,128,6,4000,75.3,155.5,8.8,180.0,1,1,0,1,0,12,2,20,1,0,0,0,0,1,0,0,0,0,0,0,0,0,0,0,0,1,0,0,0,0,0,0,0,0,0,0,0,0,0,0,0
18499,16.94,2592000,10,8,2.2,128,6,4500,76.6,165.3,8.79,208.0,1,1,1,1,0,64,4,20,2,0,0,0,0,1,0,0,0,0,0,1,0,0,0,0,0,0,0,0,0,0,0,0,0,0,0,0,0,0,0,0,0
18499,16.94,2592000,10,8,2.2,128,6,4500,76.6,165.3,8.79,208.0,1,1,1,1,0,64,4,20,2,0,0,0,0,1,0,0,0,0,0,0,0,0,0,0,0,0,0,0,0,0,0,0,0,1,0,0,0,0,0,0,0
19999,15.7,2332800,8,8,2.8,64,6,4000,75.3,155.5,8.8,180.0,1,1,0,1,0,12,2,20,1,0,0,0,0,1,0,0,0,0,0,1,0,0,0,0,0,0,0,0,0,0,0,0,0,0,0,0,0,0,0,0,0
19999,15.7,2332800,8,8,2.8,64,6,4000,75.3,155.5,8.8,180.0,1,1,0,1,0,12,2,20,1,0,0,0,0,1,0,0,0,0,1,0,0,0,0,0,0,0,0,0,0,0,0,0,0,0,0,0,0,0,0,0,0
14999,16.94,2592000,10,8,2.3,64,6,5000,76.68,165.75,8.8,209.0,1,1,1,0,0,48,4,16,1,0,0,0,0,1,0,0,0,0,0,0,0,0,0,0,0,0,0,1,0,0,0,0,0,0,0,0,0,0,0,0,0
16999,16.94,2592000,10,8,2.3,128,6,5000,76.68,165.75,8.8,209.0,1,1,1,0,0,48,4,16,1,0,0,0,0,1,0,0,0,0,0,0,0,0,0,0,0,0,0,1,0,0,0,0,0,0,0,0,0,0,0,0,0
13999,16.94,2592000,10,8,2.3,64,4,5000,76.68,165.75,8.8,209.0,1,1,1,0,0,48,4,16,1,0,0,0,0,1,0,0,0,0,0,0,0,0,0,0,0,0,0,1,0,0,0,0,0,0,0,0,0,0,0,0,0
16999,16.94,2592000,10,8,2.3,128,6,5000,76.68,165.75,8.8,209.0,1,1,1,0,0,48,4,16,1,0,0,0,0,1,0,0,0,0,0,1,0,0,0,0,0,0,0,0,0,0,0,0,0,0,0,0,0,0,0,0,0
16999,16.94,2592000,10,8,2.3,128,6,5000,76.68,165.75,8.8,209.0,1,1,1,0,0,48,4,16,1,0,0,0,0,1,0,0,0,0,1,0,0,0,0,0,0,0,0,0,0,0,0,0,0,0,0,0,0,0,0,0,0
14999,16.94,2592000,10,8,2.3,64,6,5000,76.68,165.75,8.8,209.0,1,1,1,0,0,48,4,16,1,0,0,0,0,1,0,0,0,0,1,0,0,0,0,0,0,0,0,0,0,0,0,0,0,0,0,0,0,0,0,0,0
14999,16.94,2592000,10,8,2.3,64,6,5000,76.68,165.75,8.8,209.0,1,1,1,0,0,48,4,16,1,0,0,0,0,1,0,0,0,0,0,1,0,0,0,0,0,0,0,0,0,0,0,0,0,0,0,0,0,0,0,0,0
13999,16.94,2592000,10,8,2.3,64,4,5000,76.68,165.75,8.8,209.0,1,1,1,0,0,48,4,16,1,0,0,0,0,1,0,0,0,0,1,0,0,0,0,0,0,0,0,0,0,0,0,0,0,0,0,0,0,0,0,0,0
13999,16.94,2592000,10,8,2.3,64,4,5000,76.68,165.75,8.8,209.0,1,1,1,0,0,48,4,16,1,0,0,0,0,1,0,0,0,0,0,1,0,0,0,0,0,0,0,0,0,0,0,0,0,0,0,0,0,0,0,0,0
12490,16.51,1152000,9,8,2.3,64,4,4230,75.5,163.9,8.3,180.0,1,1,1,1,0,12,3,8,1,0,0,0,1,0,0,0,0,0,0,0,0,0,0,0,0,0,0,0,0,0,0,0,0,0,0,0,0,0,0,0,1
14990,16.51,1152000,9,8,2.3,128,6,4230,75.5,163.9,8.3,180.0,1,1,1,1,0,12,3,8,1,0,0,0,1,0,0,0,0,0,0,0,0,0,0,0,0,0,0,0,0,0,0,0,0,0,0,0,0,0,0,0,1
14990,16.51,1152000,9,8,2.3,128,6,4230,75.5,163.9,8.3,180.0,1,1,1,1,0,12,3,8,1,0,0,0,1,0,0,0,0,0,1,0,0,0,0,0,0,0,0,0,0,0,0,0,0,0,0,0,0,0,0,0,0
12490,16.51,1152000,9,8,2.3,64,4,4230,75.5,163.9,8.3,180.0,1,1,1,1,0,12,3,8,1,0,0,0,1,0,0,0,0,0,1,0,0,0,0,0,0,0,0,0,0,0,0,0,0,0,0,0,0,0,0,0,0
16990,16.51,1152000,9,8,1.8,128,4,5000,75.6,163.6,9.1,195.0,1,1,1,1,0,48,4,16,1,0,0,0,1,0,0,0,0,0,0,0,0,0,0,0,0,0,0,1,0,0,0,0,0,0,0,0,0,0,0,0,0
9990,15.8,1094400,9,8,1.8,32,3,4230,75.5,155.9,8.3,165.0,1,1,1,1,0,13,2,5,1,0,0,0,1,0,0,0,0,0,1,0,0,0,0,0,0,0,0,0,0,0,0,0,0,0,0,0,0,0,0,0,0
9990,15.8,1094400,9,8,1.8,32,3,4230,75.5,155.9,8.3,165.0,1,1,1,1,0,13,2,5,1,0,0,0,1,0,0,0,0,0,0,1,0,0,0,0,0,0,0,0,0,0,0,0,0,0,0,0,0,0,0,0,0
8990,15.75,1094400,8,8,2.3,32,2,4230,75.4,155.9,8.2,170.0,1,1,1,1,0,13,2,8,1,0,0,0,1,0,0,0,0,0,0,1,0,0,0,0,0,0,0,0,0,0,0,0,0,0,0,0,0,0,0,0,0
18990,16.26,2592000,9,8,2.1,128,8,4000,73.3,160.2,7.9,172.0,1,1,1,1,0,48,4,16,1,0,0,0,1,0,0,0,0,0,0,0,0,0,0,0,0,0,0,0,0,0,0,0,0,0,0,0,0,0,0,0,1
18990,16.26,2592000,9,8,2.1,128,8,4000,73.3,160.2,7.9,172.0,1,1,1,1,0,48,4,16,1,0,0,0,1,0,0,0,0,0,0,1,0,0,0,0,0,0,0,0,0,0,0,0,0,0,0,0,0,0,0,0,0
16990,16.51,2592000,10,8,2.0,128,6,5000,75.5,162.0,8.9,192.0,1,1,1,1,0,12,4,16,1,0,0,0,1,0,0,0,0,0,1,0,0,0,0,0,0,0,0,0,0,0,0,0,0,0,0,0,0,0,0,0,0
16990,16.51,2592000,10,8,2.0,128,6,5000,75.5,162.0,8.9,192.0,1,1,1,1,0,12,4,16,1,0,0,0,1,0,0,0,0,0,0,0,0,0,0,0,0,0,0,0,0,0,0,0,0,0,0,0,0,0,0,0,1
8990,15.8,1094400,9,8,1.8,32,2,4230,75.5,155.9,8.3,165.0,1,1,1,1,0,13,2,5,1,0,0,0,1,0,0,0,0,0,0,1,0,0,0,0,0,0,0,0,0,0,0,0,0,0,0,0,0,0,0,0,0
8990,15.8,1094400,9,8,1.8,32,2,4230,75.5,155.9,8.3,165.0,1,1,1,1,0,13,2,5,1,0,0,0,1,0,0,0,0,0,0,0,0,0,0,0,0,0,0,0,0,0,0,0,0,0,0,0,0,1,0,0,0
11990,15.75,1094400,8,8,2.3,64,4,4230,75.4,155.9,8.2,170.0,1,1,1,1,0,13,2,8,1,0,0,0,1,0,0,0,0,0,0,0,0,0,0,0,0,0,0,1,0,0,0,0,0,0,0,0,0,0,0,0,0
15990,16.51,1152000,9,8,1.8,128,8,5000,75.6,163.6,9.1,195.0,1,1,1,1,0,48,4,16,1,0,0,0,1,0,0,0,0,0,0,0,0,0,0,0,0,0,0,0,0,0,0,0,1,0,0,0,0,0,0,0,0
18990,16.26,2592000,9,8,2.1,128,8,4000,73.3,160.2,7.9,172.0,1,1,1,1,0,48,4,16,1,0,0,0,1,0,0,0,0,0,1,0,0,0,0,0,0,0,0,0,0,0,0,0,0,0,0,0,0,0,0,0,0
15899,15.75,1094400,8,8,2.3,64,4,4230,75.4,155.9,8.2,170.0,1,1,1,1,0,13,2,8,1,0,0,0,1,0,0,0,0,0,0,0,0,0,0,0,0,0,1,0,0,0,0,0,0,0,0,0,0,0,0,0,0
29990,16.26,2592000,10,8,2.2,128,8,4025,73.4,158.8,8.1,175.0,0,0,1,1,0,64,4,44,2,0,0,0,1,0,0,0,0,0,0,0,0,0,0,0,0,0,0,0,0,0,0,0,0,0,0,0,0,0,0,0,1
29990,16.26,2592000,10,8,2.2,128,8,4025,73.4,158.8,8.1,175.0,0,0,1,1,0,64,4,44,2,0,0,0,1,0,0,0,0,0,0,1,0,0,0,0,0,0,0,0,0,0,0,0,0,0,0,0,0,0,0,0,0
29990,16.26,2592000,10,8,2.2,128,8,4025,73.4,158.8,8.1,175.0,0,0,1,1,0,64,4,44,2,0,0,0,1,0,0,0,0,0,1,0,0,0,0,0,0,0,0,0,0,0,0,0,0,0,0,0,0,0,0,0,0
12990,15.75,1094400,8,8,2.3,32,2,4230,75.4,155.9,8.2,170.0,1,1,1,1,0,13,2,8,1,0,0,0,1,0,0,0,0,0,1,0,0,0,0,0,0,0,0,0,0,0,0,0,0,0,0,0,0,0,0,0,0
14990,16.51,2527200,9,8,2.1,64,6,4000,76.1,161.3,8.8,190.0,1,1,1,1,0,48,2,16,1,0,0,0,1,0,0,0,0,0,1,0,0,0,0,0,0,0,0,0,0,0,0,0,0,0,0,0,0,0,0,0,0
41990,16.76,2527200,9,8,2.8,256,8,4065,77.2,162.0,9.3,215.0,1,1,1,1,0,48,3,16,1,0,0,0,1,0,0,0,0,0,0,0,0,0,0,0,0,0,0,1,0,0,0,0,0,0,0,0,0,0,0,0,0
38990,16.51,2527200,9,8,2.2,256,8,4000,74.3,160.0,9.5,189.0,1,1,1,0,0,48,4,16,1,0,0,0,1,0,0,0,0,0,0,1,0,0,0,0,0,0,0,0,0,0,0,0,0,0,0,0,0,0,0,0,0
60990,16.26,2527200,8,8,2.649,256,8,3730,74.2,156.7,9.6,186.0,1,1,1,1,0,16,2,25,1,0,0,0,1,0,0,0,0,0,0,1,0,0,0,0,0,0,0,0,0,0,0,0,0,0,0,0,0,0,0,0,0
60990,16.26,2527200,8,8,2.649,256,8,3730,74.2,156.7,9.6,186.0,1,1,1,1,0,16,2,25,1,0,0,0,1,0,0,0,0,0,0,0,0,0,0,0,0,0,0,0,0,0,0,0,0,1,0,0,0,0,0,0,0
29999,16.51,2527200,9,8,2.2,256,8,4000,75.8,161.8,8.67,195.0,1,1,1,0,0,48,4,16,1,0,0,0,1,0,0,0,0,0,1,0,0,0,0,0,0,0,0,0,0,0,0,0,0,0,0,0,0,0,0,0,0
14499,14.48,1036800,7,8,2.5,64,4,3180,73.1,150.5,7.7,143.0,1,1,0,1,0,13,1,8,1,0,0,0,1,0,0,0,0,0,0,0,0,0,1,0,0,0,0,0,0,0,0,0,0,0,0,0,0,0,0,0,0
15990,16.56,1152000,9,8,1.8,128,8,5000,75.6,163.6,9.1,195.0,1,1,1,1,0,48,4,16,1,0,0,0,1,0,0,0,0,0,0,0,0,0,0,0,0,0,0,0,0,1,0,0,0,0,0,0,0,0,0,0,0
13744,15.75,1094400,8,8,2.3,32,3,4230,75.4,155.9,8.2,170.0,1,1,1,1,0,13,2,8,1,0,0,0,1,0,0,0,0,0,0,1,0,0,0,0,0,0,0,0,0,0,0,0,0,0,0,0,0,0,0,0,0
12990,15.75,1094400,8,8,2.3,32,2,4230,75.4,155.9,8.2,170.0,1,1,1,1,0,13,2,8,1,0,0,0,1,0,0,0,0,0,0,0,0,0,0,0,0,0,0,0,0,0,0,0,0,1,0,0,0,0,0,0,0
9490,15.75,1094400,8,8,2.3,32,3,4230,75.4,155.9,8.2,170.0,1,1,1,1,0,13,2,8,1,0,0,0,1,0,0,0,0,0,1,0,0,0,0,0,0,0,0,0,0,0,0,0,0,0,0,0,0,0,0,0,0
18989,16.28,2527200,8,8,1.95,64,6,3600,75.5,158.3,7.4,156.0,1,1,1,1,0,16,2,25,1,0,0,0,1,0,0,0,0,0,1,0,0,0,0,0,0,0,0,0,0,0,0,0,0,0,0,0,0,0,0,0,0
19990,16.0,2527200,8,8,2.0,64,6,3500,74.0,156.7,7.99,169.0,1,1,1,1,0,16,2,25,1,0,0,0,1,0,0,0,0,0,0,0,0,0,0,0,0,0,0,0,0,0,0,0,0,1,0,0,0,0,0,0,0
19038,16.28,2527200,8,8,1.95,64,6,3600,75.5,158.3,7.4,156.0,1,1,1,1,0,16,2,25,1,0,0,0,1,0,0,0,0,0,0,1,0,0,0,0,0,0,0,0,0,0,0,0,0,0,0,0,0,0,0,0,0
17990,16.59,2527200,9,8,2.1,128,6,4020,76.1,162.0,8.3,188.0,1,1,1,1,0,48,2,16,1,0,0,0,1,0,0,0,0,0,0,0,0,0,0,0,0,0,0,1,0,0,0,0,0,0,0,0,0,0,0,0,0
8490,15.49,1123200,9,8,2.0,32,2,4000,77.35,154.4,8.35,165.0,1,1,1,1,0,8,1,5,1,0,0,0,1,0,0,0,0,0,0,0,0,0,0,0,0,0,0,0,0,0,0,0,0,1,0,0,0,0,0,0,0
13990,15.75,1094400,8,8,1.8,64,3,4230,75.4,155.9,8.1,168.0,1,1,1,1,0,13,2,16,1,0,0,0,1,0,0,0,0,0,0,0,0,0,0,0,0,0,1,0,0,0,0,0,0,0,0,0,0,0,0,0,0
19990,16.0,2527200,8,8,2.0,64,6,3500,74.0,156.7,7.99,169.0,1,1,1,1,0,16,2,25,1,0,0,0,1,0,0,0,0,0,0,1,0,0,0,0,0,0,0,0,0,0,0,0,0,0,0,0,0,0,0,0,0
19600,16.28,2527200,8,8,1.95,64,4,3600,75.5,158.3,7.4,156.0,1,1,1,1,0,16,2,25,1,0,0,0,1,0,0,0,0,0,0,1,0,0,0,0,0,0,0,0,0,0,0,0,0,0,0,0,0,0,0,0,0
21150,16.0,2527200,8,8,2.0,64,6,3500,74.0,156.7,7.99,169.0,1,1,1,1,0,16,2,25,1,0,0,0,1,0,0,0,0,0,0,0,0,0,0,0,0,0,0,0,0,0,0,0,1,0,0,0,0,0,0,0,0
17500,15.75,1094400,8,8,1.8,64,4,4230,75.4,155.9,8.1,168.0,1,1,1,1,0,13,2,16,1,0,0,0,1,0,0,0,0,0,0,1,0,0,0,0,0,0,0,0,0,0,0,0,0,0,0,0,0,0,0,0,0
12990,15.75,1094400,8,8,2.3,32,3,4230,75.4,155.9,8.2,170.0,1,1,1,1,0,13,2,8,1,0,0,0,1,0,0,0,0,0,0,0,0,0,0,0,0,0,0,0,0,0,0,0,0,1,0,0,0,0,0,0,0
14495,15.75,1094400,8,8,1.8,64,4,4230,75.6,156.2,8.2,168.0,1,1,1,0,0,13,2,8,1,0,0,0,1,0,0,0,0,0,0,0,0,0,0,0,0,0,0,0,0,0,0,0,0,1,0,0,0,0,0,0,0
9500,15.75,1094400,8,8,1.8,16,2,4230,75.6,156.2,8.2,168.0,1,1,1,0,0,13,2,8,1,0,0,0,1,0,0,0,0,0,0,0,0,0,0,0,0,0,0,0,0,0,0,0,0,1,0,0,0,0,0,0,0
9500,15.75,1094400,8,8,1.8,16,2,4230,75.6,156.2,8.2,168.0,1,1,1,0,0,13,2,8,1,0,0,0,1,0,0,0,0,0,0,0,0,0,0,0,0,0,0,0,0,0,0,0,1,0,0,0,0,0,0,0,0
13990,16.56,1152000,9,8,1.8,128,4,5000,75.6,163.6,9.1,195.0,1,1,1,1,0,48,4,16,1,0,0,0,1,0,0,0,0,0,0,0,0,0,0,0,0,0,0,0,0,1,0,0,0,0,0,0,0,0,0,0,0
11490,15.8,1094400,9,8,1.8,64,4,4230,75.5,155.9,8.3,165.0,1,1,1,1,0,13,2,5,1,0,0,0,1,0,0,0,0,0,1,0,0,0,0,0,0,0,0,0,0,0,0,0,0,0,0,0,0,0,0,0,0
11490,15.8,1094400,9,8,1.8,64,4,4230,75.5,155.9,8.3,165.0,1,1,1,1,0,13,2,5,1,0,0,0,1,0,0,0,0,0,0,1,0,0,0,0,0,0,0,0,0,0,0,0,0,0,0,0,0,0,0,0,0
16990,16.51,2527200,9,8,2.1,128,6,4000,76.1,161.3,8.8,190.0,1,1,1,1,0,48,2,16,1,0,0,0,1,0,0,0,0,0,0,0,0,0,0,0,0,0,0,0,1,0,0,0,0,0,0,0,0,0,0,0,0
16990,16.51,2527200,9,8,2.1,128,6,4000,76.1,161.3,8.8,190.0,1,1,1,1,0,48,2,16,1,0,0,0,1,0,0,0,0,0,1,0,0,0,0,0,0,0,0,0,0,0,0,0,0,0,0,0,0,0,0,0,0
31590,16.26,2527200,8,8,2.2,128,8,3700,74.6,157.6,7.9,183.0,1,1,1,0,0,12,2,25,1,0,0,0,1,0,0,0,0,0,0,0,0,0,0,0,0,0,0,0,0,0,1,0,0,0,0,0,0,0,0,0,0
13490,14.48,1036800,7,8,2.5,32,3,3180,73.1,150.5,7.7,143.0,1,1,0,1,0,13,1,8,1,0,0,0,1,0,0,0,0,0,1,0,0,0,0,0,0,0,0,0,0,0,0,0,0,0,0,0,0,0,0,0,0
9490,14.48,1036800,7,8,2.5,16,2,3180,73.1,150.5,7.7,143.0,1,1,1,1,0,13,1,8,1,0,0,0,1,0,0,0,0,0,0,0,0,0,0,0,0,0,0,0,0,0,0,0,0,1,0,0,0,0,0,0,0
22990,15.82,2462400,8,8,2.0,64,4,3400,75.3,156.0,7.8,158.0,1,1,1,0,0,16,1,25,1,0,0,0,1,0,0,0,0,0,0,0,0,0,0,0,0,0,0,0,0,0,0,0,0,1,0,0,0,0,0,0,0
13990,16.59,2527200,9,8,2.1,128,4,4020,76.1,162.0,8.3,188.0,1,1,1,1,0,48,2,16,1,0,0,0,1,0,0,0,0,0,0,0,0,0,0,0,0,0,0,1,0,0,0,0,0,0,0,0,0,0,0,0,0
13990,16.59,2527200,9,8,2.1,128,4,4020,76.1,162.0,8.3,188.0,1,1,1,1,0,48,2,16,1,0,0,0,1,0,0,0,0,0,0,0,0,0,0,0,0,0,0,0,0,0,0,0,1,0,0,0,0,0,0,0,0
17990,16.59,2527200,9,8,2.1,128,6,4020,76.1,162.0,8.3,188.0,1,1,1,1,0,48,2,16,1,0,0,0,1,0,0,0,0,0,0,0,0,0,0,0,0,0,0,0,0,0,0,0,0,0,0,0,0,0,0,0,1
18990,13.97,921600,5,8,1.4,64,4,3075,76.0,154.5,7.38,160.0,1,1,1,0,0,13,1,16,1,0,0,0,1,0,0,0,0,0,0,0,0,0,0,0,0,0,1,0,0,0,0,0,0,0,0,0,0,0,0,0,0
18990,13.97,921600,5,8,1.4,64,4,3075,76.0,154.5,7.38,160.0,1,1,1,0,0,13,1,16,1,0,0,0,1,0,0,0,0,0,0,0,0,0,0,0,0,0,0,0,1,0,0,0,0,0,0,0,0,0,0,0,0
18990,13.97,921600,5,8,1.4,64,4,3075,76.0,154.5,7.38,160.0,1,1,0,1,0,13,1,16,1,0,0,0,1,0,0,0,0,0,0,0,0,0,0,0,0,0,1,0,0,0,0,0,0,0,0,0,0,0,0,0,0
11990,13.97,921600,5,1,1.5,32,3,3075,154.5,7.38,76.0,160.0,0,0,0,1,0,13,1,16,1,0,0,0,1,0,0,0,0,0,0,0,0,0,0,0,0,0,0,0,1,0,0,0,0,0,0,0,0,0,0,0,0
8490,13.21,921600,7,8,1.8,16,3,3000,73.8,148.1,7.6,137.0,1,1,0,1,0,13,1,5,1,0,0,0,1,0,0,0,0,0,0,1,0,0,0,0,0,0,0,0,0,0,0,0,0,0,0,0,0,0,0,0,0
12990,15.75,1094400,8,8,1.8,32,3,4230,75.6,156.2,8.2,168.0,1,1,1,0,0,13,2,8,1,0,0,0,1,0,0,0,0,0,0,0,0,0,0,0,0,0,0,0,0,0,0,0,1,0,0,0,0,0,0,0,0
18000,13.97,2073600,6,8,1.5,64,4,3200,75.2,153.3,7.3,153.0,1,1,1,0,0,13,1,16,2,0,0,0,1,0,0,0,0,0,0,0,0,0,0,0,0,0,1,0,0,0,0,0,0,0,0,0,0,0,0,0,0
13500,15.75,1094400,8,8,1.8,32,4,4230,75.6,156.1,8.2,170.0,1,1,0,1,0,13,2,8,1,0,0,0,1,0,0,0,0,0,0,0,0,0,0,0,0,0,0,0,0,0,0,0,0,1,0,0,0,0,0,0,0
13990,14.48,1036800,7,8,2.5,64,4,3180,73.1,150.5,7.7,143.0,1,1,0,1,0,13,1,8,1,0,0,0,1,0,0,0,0,0,0,0,0,0,0,0,0,0,0,0,0,0,0,0,0,1,0,0,0,0,0,0,0
17000,16.0,2527200,8,8,2.0,64,4,3500,74.0,156.7,7.99,169.0,1,1,1,1,0,16,2,16,1,0,0,0,1,0,0,0,0,0,0,0,0,0,0,0,0,0,0,0,0,0,0,0,1,0,0,0,0,0,0,0,0
15000,15.75,1094400,8,8,1.8,64,4,4230,75.6,156.2,8.2,168.0,1,1,1,0,0,13,2,8,1,0,0,0,1,0,0,0,0,0,0,0,0,0,0,0,0,0,0,0,0,0,0,0,1,0,0,0,0,0,0,0,0
14495,15.75,1094400,8,8,1.8,64,4,4230,75.6,156.2,8.2,168.0,1,1,1,0,0,13,2,8,1,0,0,0,1,0,0,0,0,0,0,0,0,0,0,0,0,0,0,0,0,0,0,0,0,1,0,0,0,0,0,0,0
9500,15.75,1094400,8,8,1.8,16,2,4230,75.6,156.2,8.2,168.0,1,1,1,0,0,13,2,8,1,0,0,0,1,0,0,0,0,0,0,0,0,0,0,0,0,0,0,0,0,0,0,0,0,1,0,0,0,0,0,0,0
9500,15.75,1094400,8,8,1.8,16,2,4230,75.6,156.2,8.2,168.0,1,1,1,0,0,13,2,8,1,0,0,0,1,0,0,0,0,0,0,0,0,0,0,0,0,0,0,0,0,0,0,0,1,0,0,0,0,0,0,0,0
41990,16.76,2527200,9,8,2.8,256,8,4065,77.2,162.0,9.3,215.0,1,1,1,1,0,48,3,16,1,0,0,0,1,0,0,0,0,0,1,0,0,0,0,0,0,0,0,0,0,0,0,0,0,0,0,0,0,0,0,0,0
38990,16.76,2527200,9,8,2.8,128,6,4065,77.2,162.0,9.3,215.0,1,1,1,1,0,48,3,16,1,0,0,0,1,0,0,0,0,0,1,0,0,0,0,0,0,0,0,0,0,0,0,0,0,0,0,0,0,0,0,0,0
13990,16.56,1152000,9,8,1.8,128,4,5000,75.6,163.6,9.1,195.0,1,1,1,1,0,48,4,16,1,0,0,0,1,0,0,0,0,0,0,0,0,0,0,0,0,0,0,0,0,1,0,0,0,0,0,0,0,0,0,0,0
11490,15.8,1094400,9,8,1.8,64,4,4230,75.5,155.9,8.3,165.0,1,1,1,1,0,13,2,5,1,0,0,0,1,0,0,0,0,0,1,0,0,0,0,0,0,0,0,0,0,0,0,0,0,0,0,0,0,0,0,0,0
11490,15.8,1094400,9,8,1.8,64,4,4230,75.5,155.9,8.3,165.0,1,1,1,1,0,13,2,5,1,0,0,0,1,0,0,0,0,0,0,1,0,0,0,0,0,0,0,0,0,0,0,0,0,0,0,0,0,0,0,0,0
16990,16.51,2527200,9,8,2.1,128,6,4000,76.1,161.3,8.8,190.0,1,1,1,1,0,48,2,16,1,0,0,0,1,0,0,0,0,0,0,0,0,0,0,0,0,0,0,0,1,0,0,0,0,0,0,0,0,0,0,0,0
16990,16.51,2527200,9,8,2.1,128,6,4000,76.1,161.3,8.8,190.0,1,1,1,1,0,48,2,16,1,0,0,0,1,0,0,0,0,0,1,0,0,0,0,0,0,0,0,0,0,0,0,0,0,0,0,0,0,0,0,0,0
31590,16.26,2527200,8,8,2.2,128,8,3700,74.6,157.6,7.9,183.0,1,1,1,0,0,12,2,25,1,0,0,0,1,0,0,0,0,0,0,0,0,0,0,0,0,0,0,0,0,0,1,0,0,0,0,0,0,0,0,0,0
13490,14.48,1036800,7,8,2.5,32,3,3180,73.1,150.5,7.7,143.0,1,1,0,1,0,13,1,8,1,0,0,0,1,0,0,0,0,0,1,0,0,0,0,0,0,0,0,0,0,0,0,0,0,0,0,0,0,0,0,0,0
9490,14.48,1036800,7,8,2.5,16,2,3180,73.1,150.5,7.7,143.0,1,1,1,1,0,13,1,8,1,0,0,0,1,0,0,0,0,0,0,0,0,0,0,0,0,0,0,0,0,0,0,0,0,1,0,0,0,0,0,0,0
22990,15.82,2462400,8,8,2.0,64,4,3400,75.3,156.0,7.8,158.0,1,1,1,0,0,16,1,25,1,0,0,0,1,0,0,0,0,0,0,0,0,0,0,0,0,0,0,0,0,0,0,0,0,1,0,0,0,0,0,0,0
13990,16.59,2527200,9,8,2.1,128,4,4020,76.1,162.0,8.3,188.0,1,1,1,1,0,48,2,16,1,0,0,0,1,0,0,0,0,0,0,0,0,0,0,0,0,0,0,1,0,0,0,0,0,0,0,0,0,0,0,0,0
13990,16.59,2527200,9,8,2.1,128,4,4020,76.1,162.0,8.3,188.0,1,1,1,1,0,48,2,16,1,0,0,0,1,0,0,0,0,0,0,0,0,0,0,0,0,0,0,0,0,0,0,0,1,0,0,0,0,0,0,0,0
